date,country,ticker,top_5_weight,tech_sector_weight,n_holdings_used,status,notes
2016-06-30,Australia,EWA US Equity,36.5565,0.0,74,ok,pct(sum=98.8)
2016-09-30,Australia,EWA US Equity,37.6104,0.0,73,ok,pct(sum=99.1)
2016-12-31,Australia,EWA US Equity,39.8815,0.0,72,ok,pct(sum=99.3)
2017-03-31,Australia,EWA US Equity,39.3254,0.0,74,ok,pct(sum=98.2)
2017-06-30,Australia,EWA US Equity,37.29,0.0,73,ok,pct(sum=97.9)
2017-09-30,Australia,EWA US Equity,38.3726,0.0,72,ok,pct(sum=97.8)
2017-12-31,Australia,EWA US Equity,37.709,0.0,70,ok,pct(sum=99.7)
2018-03-31,Australia,EWA US Equity,36.5477,0.0,71,ok,pct(sum=99.0)
2018-06-30,Australia,EWA US Equity,34.7751,0.0,71,ok,pct(sum=99.1)
2018-09-30,Australia,EWA US Equity,34.6874,0.0,72,ok,pct(sum=99.0)
2018-12-31,Australia,EWA US Equity,36.3193,0.0,73,ok,pct(sum=99.7)
2019-03-31,Australia,EWA US Equity,36.3825,0.0,71,ok,pct(sum=98.8)
2019-06-30,Australia,EWA US Equity,35.6532,0.0,73,ok,pct(sum=99.3)
2019-09-30,Australia,EWA US Equity,34.8216,0.0,74,ok,pct(sum=99.5)
2019-12-31,Australia,EWA US Equity,34.6791,0.2275,75,ok,pct(sum=99.5)
2020-03-31,Australia,EWA US Equity,39.3803,0.2224,71,ok,pct(sum=98.7)
2020-06-30,Australia,EWA US Equity,37.4855,0.214,67,ok,pct(sum=99.7)
2020-09-30,Australia,EWA US Equity,36.8237,0.2992,65,ok,pct(sum=99.1)
2020-12-31,Australia,EWA US Equity,37.5364,1.5434,65,ok,pct(sum=100.0)
2021-03-31,Australia,EWA US Equity,38.2463,1.2922,68,ok,pct(sum=99.3)
2021-06-30,Australia,EWA US Equity,38.595,1.3924,66,ok,pct(sum=99.4)
2021-09-30,Australia,EWA US Equity,37.7238,1.6136,67,ok,pct(sum=99.1)
2021-12-31,Australia,EWA US Equity,37.2233,1.665,64,ok,pct(sum=99.8)
2022-03-31,Australia,EWA US Equity,43.3647,1.2013,62,ok,pct(sum=99.3)
2022-06-30,Australia,EWA US Equity,41.664,1.0178,61,ok,pct(sum=99.5)
2022-09-30,Australia,EWA US Equity,42.4682,1.1434,61,ok,pct(sum=99.0)
2022-12-31,Australia,EWA US Equity,43.1794,1.0136,60,ok,pct(sum=99.8)
2023-03-31,Australia,EWA US Equity,40.9209,1.2513,60,ok,pct(sum=98.7)
2023-06-30,Australia,EWA US Equity,39.875,1.7555,60,ok,pct(sum=99.4)
2023-09-30,Australia,EWA US Equity,39.8139,1.5771,60,ok,pct(sum=98.6)
2023-12-31,Australia,EWA US Equity,41.843,1.5866,59,ok,pct(sum=99.8)
2024-03-31,Australia,EWA US Equity,40.0791,1.8266,59,ok,pct(sum=98.6)
2024-06-30,Australia,EWA US Equity,41.703,1.9479,59,ok,pct(sum=99.4)
2024-09-30,Australia,EWA US Equity,41.559,2.2489,58,ok,pct(sum=99.0)
2024-12-31,Australia,EWA US Equity,42.5892,2.4324,55,ok,pct(sum=99.7)
2025-03-31,Australia,EWA US Equity,43.0648,2.0655,49,ok,pct(sum=99.3)
2025-06-30,Australia,EWA US Equity,42.7405,2.4225,48,ok,pct(sum=100.0)
2025-09-30,Australia,EWA US Equity,43.1023,2.1944,47,ok,pct(sum=100.0)
2025-12-31,Australia,EWA US Equity,44.4358,1.6699,46,ok,pct(sum=100.0)
2026-03-31,Australia,EWA US Equity,46.7761,1.0559,46,ok,pct(sum=100.0)
2026-06-30,Australia,EWA US Equity,45.5129,0.8959,47,ok,pct(sum=100.0)
2016-06-30,Brazil,EWZ US Equity,36.2294,0.5257,60,ok,pct(sum=100.0)
2016-09-30,Brazil,EWZ US Equity,37.7987,0.4663,60,ok,pct(sum=100.0)
2016-12-31,Brazil,EWZ US Equity,37.9888,0.0,58,ok,pct(sum=100.0)
2017-03-31,Brazil,EWZ US Equity,37.8938,0.0,57,ok,pct(sum=100.0)
2017-06-30,Brazil,EWZ US Equity,37.2489,0.0,57,ok,pct(sum=100.0)
2017-09-30,Brazil,EWZ US Equity,40.536,0.0,56,ok,pct(sum=100.0)
2017-12-31,Brazil,EWZ US Equity,42.6152,0.0,55,ok,pct(sum=100.0)
2018-03-31,Brazil,EWZ US Equity,39.589,0.0,55,ok,pct(sum=99.7)
2018-06-30,Brazil,EWZ US Equity,38.2444,0.0,57,ok,pct(sum=99.7)
2018-09-30,Brazil,EWZ US Equity,40.455,0.0,57,ok,pct(sum=99.5)
2018-12-31,Brazil,EWZ US Equity,38.6226,0.0,55,ok,pct(sum=99.2)
2019-03-31,Brazil,EWZ US Equity,40.7519,0.0,52,ok,pct(sum=99.6)
2019-06-30,Brazil,EWZ US Equity,39.7027,0.0,55,ok,pct(sum=99.5)
2019-09-30,Brazil,EWZ US Equity,35.8746,0.0,58,ok,pct(sum=100.0)
2019-12-31,Brazil,EWZ US Equity,35.0004,0.0,59,ok,pct(sum=99.3)
2020-03-31,Brazil,EWZ US Equity,35.6562,0.0,54,ok,pct(sum=99.3)
2020-06-30,Brazil,EWZ US Equity,35.7254,0.0,56,ok,pct(sum=99.4)
2020-09-30,Brazil,EWZ US Equity,35.4329,0.0,55,ok,pct(sum=99.2)
2020-12-31,Brazil,EWZ US Equity,39.0166,0.4676,53,ok,pct(sum=100.0)
2021-03-31,Brazil,EWZ US Equity,38.9837,0.491,52,ok,pct(sum=99.6)
2021-06-30,Brazil,EWZ US Equity,41.428,0.593,54,ok,pct(sum=99.2)
2021-09-30,Brazil,EWZ US Equity,38.8526,0.7082,53,ok,pct(sum=97.9)
2021-12-31,Brazil,EWZ US Equity,41.9641,0.6157,50,ok,pct(sum=99.4)
2022-03-31,Brazil,EWZ US Equity,43.9523,0.7498,50,ok,pct(sum=99.6)
2022-06-30,Brazil,EWZ US Equity,43.1417,0.5929,49,ok,pct(sum=98.5)
2022-09-30,Brazil,EWZ US Equity,42.9863,0.7045,49,ok,pct(sum=99.7)
2022-12-31,Brazil,EWZ US Equity,42.2203,0.6652,50,ok,pct(sum=98.2)
2023-03-31,Brazil,EWZ US Equity,43.0644,0.7424,48,ok,pct(sum=99.5)
2023-06-30,Brazil,EWZ US Equity,38.3255,0.6978,47,ok,pct(sum=98.4)
2023-09-30,Brazil,EWZ US Equity,40.9843,0.6388,48,ok,pct(sum=99.0)
2023-12-31,Brazil,EWZ US Equity,40.2661,0.7174,49,ok,pct(sum=98.5)
2024-03-31,Brazil,EWZ US Equity,39.5283,0.6469,49,ok,pct(sum=99.5)
2024-06-30,Brazil,EWZ US Equity,41.9486,0.7643,50,ok,pct(sum=98.6)
2024-09-30,Brazil,EWZ US Equity,41.3901,0.6838,53,ok,pct(sum=99.0)
2024-12-31,Brazil,EWZ US Equity,40.9475,0.7092,49,ok,pct(sum=98.7)
2025-03-31,Brazil,EWZ US Equity,40.3751,0.9748,45,ok,pct(sum=99.5)
2025-06-30,Brazil,EWZ US Equity,40.0072,1.1818,44,ok,pct(sum=99.8)
2025-09-30,Brazil,EWZ US Equity,41.8796,1.2325,43,ok,pct(sum=99.9)
2025-12-31,Brazil,EWZ US Equity,41.7202,1.0408,46,ok,pct(sum=99.9)
2026-03-31,Brazil,EWZ US Equity,42.7497,0.769,45,ok,pct(sum=99.9)
2026-06-30,Brazil,EWZ US Equity,40.8822,0.0,47,ok,pct(sum=99.9)
2016-06-30,Canada,EWC US Equity,27.986,2.4027,94,ok,pct(sum=99.7)
2016-09-30,Canada,EWC US Equity,28.1098,2.5737,94,ok,pct(sum=99.5)
2016-12-31,Canada,EWC US Equity,29.619,2.4773,95,ok,pct(sum=99.3)
2017-03-31,Canada,EWC US Equity,30.5844,2.4901,94,ok,pct(sum=99.0)
2017-06-30,Canada,EWC US Equity,30.5052,3.1936,95,ok,pct(sum=99.2)
2017-09-30,Canada,EWC US Equity,30.1285,2.7109,95,ok,pct(sum=99.3)
2017-12-31,Canada,EWC US Equity,29.9267,3.2546,93,ok,pct(sum=99.6)
2018-03-31,Canada,EWC US Equity,30.2188,4.0648,92,ok,pct(sum=99.7)
2018-06-30,Canada,EWC US Equity,29.418,4.2124,91,ok,pct(sum=99.5)
2018-09-30,Canada,EWC US Equity,30.5173,4.3973,92,ok,pct(sum=99.6)
2018-12-31,Canada,EWC US Equity,30.0903,4.4449,92,ok,pct(sum=99.5)
2019-03-31,Canada,EWC US Equity,29.2215,4.9926,93,ok,pct(sum=99.6)
2019-06-30,Canada,EWC US Equity,29.5424,5.6605,90,ok,pct(sum=99.6)
2019-09-30,Canada,EWC US Equity,29.2872,5.6914,91,ok,pct(sum=99.6)
2019-12-31,Canada,EWC US Equity,28.0917,6.1714,91,ok,pct(sum=99.5)
2020-03-31,Canada,EWC US Equity,29.0143,7.8261,90,ok,pct(sum=99.4)
2020-06-30,Canada,EWC US Equity,29.6601,11.6178,86,ok,pct(sum=99.6)
2020-09-30,Canada,EWC US Equity,29.514,11.6103,87,ok,pct(sum=99.5)
2020-12-31,Canada,EWC US Equity,29.355,11.343,89,ok,pct(sum=100.0)
2021-03-31,Canada,EWC US Equity,29.5225,10.5932,90,ok,pct(sum=99.6)
2021-06-30,Canada,EWC US Equity,30.7444,12.5684,93,ok,pct(sum=99.7)
2021-09-30,Canada,EWC US Equity,30.2912,12.3045,92,ok,pct(sum=99.7)
2021-12-31,Canada,EWC US Equity,29.758,11.4551,90,ok,pct(sum=99.6)
2022-03-31,Canada,EWC US Equity,27.1346,6.9383,89,ok,pct(sum=99.6)
2022-06-30,Canada,EWC US Equity,27.0331,5.5646,89,ok,pct(sum=99.6)
2022-09-30,Canada,EWC US Equity,27.2704,5.4074,89,ok,pct(sum=99.6)
2022-12-31,Canada,EWC US Equity,26.9919,6.0607,89,ok,pct(sum=99.6)
2023-03-31,Canada,EWC US Equity,25.4996,7.3908,89,ok,pct(sum=99.6)
2023-06-30,Canada,EWC US Equity,25.8534,8.711,88,ok,pct(sum=99.6)
2023-09-30,Canada,EWC US Equity,25.3986,8.0586,89,ok,pct(sum=99.6)
2023-12-31,Canada,EWC US Equity,26.0046,9.5469,90,ok,pct(sum=99.6)
2024-03-31,Canada,EWC US Equity,25.2831,9.4508,90,ok,pct(sum=99.6)
2024-06-30,Canada,EWC US Equity,24.6272,8.9905,89,ok,pct(sum=99.6)
2024-09-30,Canada,EWC US Equity,25.6379,9.4501,87,ok,pct(sum=99.7)
2024-12-31,Canada,EWC US Equity,26.8113,10.9824,86,ok,pct(sum=99.7)
2025-03-31,Canada,EWC US Equity,25.8481,10.5736,83,ok,pct(sum=99.7)
2025-06-30,Canada,EWC US Equity,26.4215,11.1589,84,ok,pct(sum=100.0)
2025-09-30,Canada,EWC US Equity,27.827,11.3686,84,ok,pct(sum=100.0)
2025-12-31,Canada,EWC US Equity,28.3057,11.0803,84,ok,pct(sum=100.0)
2026-03-31,Canada,EWC US Equity,26.2337,8.3653,84,ok,pct(sum=100.0)
2026-06-30,Canada,EWC US Equity,29.2563,7.9962,84,ok,pct(sum=100.0)
2016-06-30,Chile,ECH US Equity,32.6052,1.8924,33,ok,pct(sum=100.0)
2016-09-30,Chile,ECH US Equity,34.7615,1.9682,32,ok,pct(sum=100.0)
2016-12-31,Chile,ECH US Equity,38.6346,1.7749,31,ok,pct(sum=100.0)
2017-03-31,Chile,ECH US Equity,37.5162,1.5792,31,ok,pct(sum=100.0)
2017-06-30,Chile,ECH US Equity,37.5335,1.5593,32,ok,pct(sum=100.0)
2017-09-30,Chile,ECH US Equity,38.5093,1.6243,32,ok,pct(sum=100.0)
2017-12-31,Chile,ECH US Equity,38.0806,1.5529,33,ok,pct(sum=100.0)
2018-03-31,Chile,ECH US Equity,37.8996,1.5057,32,ok,pct(sum=97.8)
2018-06-30,Chile,ECH US Equity,41.5496,1.3284,34,ok,pct(sum=100.0)
2018-09-30,Chile,ECH US Equity,39.9966,1.3622,34,ok,pct(sum=100.0)
2018-12-31,Chile,ECH US Equity,39.3904,1.5496,36,ok,pct(sum=100.0)
2019-03-31,Chile,ECH US Equity,38.2623,1.42,35,ok,pct(sum=99.9)
2019-06-30,Chile,ECH US Equity,35.0159,1.3856,35,ok,pct(sum=100.0)
2019-09-30,Chile,ECH US Equity,40.7189,1.2044,33,ok,pct(sum=100.0)
2019-12-31,Chile,ECH US Equity,42.9841,0.98,33,ok,pct(sum=100.2)
2020-03-31,Chile,ECH US Equity,43.6304,0.9304,32,ok,pct(sum=99.9)
2020-06-30,Chile,ECH US Equity,43.1594,1.0101,31,ok,pct(sum=100.0)
2020-09-30,Chile,ECH US Equity,43.5886,1.2717,31,ok,pct(sum=100.0)
2020-12-31,Chile,ECH US Equity,44.9132,1.0409,30,ok,pct(sum=100.0)
2021-03-31,Chile,ECH US Equity,42.9192,1.0931,31,ok,pct(sum=97.8)
2021-06-30,Chile,ECH US Equity,43.3968,1.1822,31,ok,pct(sum=100.0)
2021-09-30,Chile,ECH US Equity,45.1563,0.981,32,ok,pct(sum=98.7)
2021-12-31,Chile,ECH US Equity,46.143,0.0,26,ok,pct(sum=99.4)
2022-03-31,Chile,ECH US Equity,53.8394,0.0,24,ok,pct(sum=99.3)
2022-06-30,Chile,ECH US Equity,49.092,0.0,26,ok,pct(sum=99.5)
2022-09-30,Chile,ECH US Equity,50.9689,0.0,25,ok,pct(sum=99.8)
2022-12-31,Chile,ECH US Equity,45.3892,0.0,26,ok,pct(sum=99.7)
2023-03-31,Chile,ECH US Equity,44.7321,0.0,27,ok,pct(sum=99.6)
2023-06-30,Chile,ECH US Equity,47.2028,0.0,26,ok,pct(sum=99.8)
2023-09-30,Chile,ECH US Equity,47.3674,0.0,28,ok,pct(sum=99.4)
2023-12-31,Chile,ECH US Equity,44.5286,0.0,28,ok,pct(sum=100.0)
2024-03-31,Chile,ECH US Equity,44.1222,0.0,29,ok,pct(sum=99.4)
2024-06-30,Chile,ECH US Equity,42.5312,0.0,29,ok,pct(sum=100.0)
2024-09-30,Chile,ECH US Equity,44.9906,0.0,28,ok,pct(sum=100.0)
2024-12-31,Chile,ECH US Equity,46.9299,0.0,27,ok,pct(sum=99.9)
2025-03-31,Chile,ECH US Equity,45.131,0.0,26,ok,pct(sum=99.9)
2025-06-30,Chile,ECH US Equity,45.3879,0.0,26,ok,pct(sum=100.0)
2025-09-30,Chile,ECH US Equity,46.8959,0.0,26,ok,pct(sum=100.0)
2025-12-31,Chile,ECH US Equity,47.8334,0.0,27,ok,pct(sum=100.0)
2026-03-31,Chile,ECH US Equity,46.6698,0.0,26,ok,pct(sum=100.0)
2026-06-30,Chile,ECH US Equity,47.2204,0.0,25,ok,pct(sum=99.9)
2016-06-30,ChinaA,ASHR US Equity,12.9632,6.9714,301,ok,pct(sum=100.0)
2016-09-30,ChinaA,ASHR US Equity,13.5806,6.6689,300,ok,pct(sum=100.0)
2016-12-31,ChinaA,ASHR US Equity,12.5737,7.1158,300,ok,pct(sum=100.0)
2017-03-31,ChinaA,ASHR US Equity,12.5238,7.2038,301,ok,pct(sum=100.0)
2017-06-30,ChinaA,ASHR US Equity,13.7383,7.8661,303,ok,pct(sum=100.0)
2017-09-30,ChinaA,ASHR US Equity,14.0129,7.9965,303,ok,pct(sum=100.0)
2017-12-31,ChinaA,ASHR US Equity,15.9349,7.929,303,ok,pct(sum=100.0)
2018-03-31,ChinaA,ASHR US Equity,16.088,8.2105,301,ok,pct(sum=100.0)
2018-06-30,ChinaA,ASHR US Equity,15.7797,7.1712,303,ok,pct(sum=96.3)
2018-09-30,ChinaA,ASHR US Equity,17.433,7.1985,302,ok,pct(sum=99.4)
2018-12-31,ChinaA,ASHR US Equity,15.8649,7.3772,304,ok,pct(sum=98.2)
2019-03-31,ChinaA,ASHR US Equity,17.0769,8.3375,301,ok,pct(sum=99.8)
2019-06-30,ChinaA,ASHR US Equity,19.1099,7.9235,301,ok,pct(sum=100.5)
2019-09-30,ChinaA,ASHR US Equity,19.4311,8.9163,300,ok,pct(sum=99.8)
2019-12-31,ChinaA,ASHR US Equity,18.3308,9.7047,300,ok,pct(sum=99.7)
2020-03-31,ChinaA,ASHR US Equity,17.4708,10.7971,300,ok,pct(sum=99.8)
2020-06-30,ChinaA,ASHR US Equity,17.2498,14.5413,300,ok,pct(sum=100.9)
2020-09-30,ChinaA,ASHR US Equity,17.2619,13.3852,300,ok,pct(sum=99.8)
2020-12-31,ChinaA,ASHR US Equity,18.0856,14.6069,300,ok,pct(sum=100.0)
2021-03-31,ChinaA,ASHR US Equity,17.6876,12.9078,289,ok,pct(sum=97.7)
2021-06-30,ChinaA,ASHR US Equity,16.8539,15.6299,290,ok,pct(sum=99.1)
2021-09-30,ChinaA,ASHR US Equity,15.5562,15.3797,290,ok,pct(sum=99.7)
2021-12-31,ChinaA,ASHR US Equity,16.6927,15.8532,291,ok,pct(sum=99.7)
2022-03-31,ChinaA,ASHR US Equity,16.7506,14.1708,289,ok,pct(sum=99.8)
2022-06-30,ChinaA,ASHR US Equity,16.5025,15.5332,288,ok,pct(sum=99.6)
2022-09-30,ChinaA,ASHR US Equity,16.4982,15.0323,288,ok,pct(sum=99.8)
2022-12-31,ChinaA,ASHR US Equity,16.021,15.4496,288,ok,pct(sum=100.0)
2023-03-31,ChinaA,ASHR US Equity,15.5531,17.3703,288,ok,pct(sum=99.8)
2023-06-30,ChinaA,ASHR US Equity,15.3102,17.5651,288,ok,pct(sum=99.2)
2023-09-30,ChinaA,ASHR US Equity,16.1197,15.9696,288,ok,pct(sum=100.0)
2023-12-31,ChinaA,ASHR US Equity,14.8114,16.8392,286,ok,pct(sum=100.0)
2024-03-31,ChinaA,ASHR US Equity,15.2966,15.7456,286,ok,pct(sum=100.0)
2024-06-30,ChinaA,ASHR US Equity,14.8635,15.9162,286,ok,pct(sum=100.0)
2024-09-30,ChinaA,ASHR US Equity,15.4103,15.1859,286,ok,pct(sum=96.5)
2024-12-31,ChinaA,ASHR US Equity,15.0655,17.3031,285,ok,pct(sum=100.0)
2025-03-31,ChinaA,ASHR US Equity,15.4395,16.9665,285,ok,pct(sum=100.0)
2025-06-30,ChinaA,ASHR US Equity,14.9363,17.0966,284,ok,pct(sum=99.5)
2025-09-30,ChinaA,ASHR US Equity,14.5065,22.348,285,ok,pct(sum=100.0)
2025-12-31,ChinaA,ASHR US Equity,15.164,23.0908,285,ok,pct(sum=100.0)
2026-03-31,ChinaA,ASHR US Equity,15.4458,22.6407,285,ok,pct(sum=100.0)
2026-06-30,ChinaA,ASHR US Equity,15.5937,35.6411,284,ok,pct(sum=95.8)
2016-06-30,ChinaH,MCHI US Equity,39.0181,1.5714,153,ok,pct(sum=100.0)
2016-09-30,ChinaH,MCHI US Equity,41.8059,1.6485,149,ok,pct(sum=100.0)
2016-12-31,ChinaH,MCHI US Equity,39.4061,2.0287,151,ok,pct(sum=100.0)
2017-03-31,ChinaH,MCHI US Equity,39.5714,2.1084,150,ok,pct(sum=100.0)
2017-06-30,ChinaH,MCHI US Equity,41.6214,2.0247,152,ok,pct(sum=100.0)
2017-09-30,ChinaH,MCHI US Equity,43.2901,2.3364,151,ok,pct(sum=100.0)
2017-12-31,ChinaH,MCHI US Equity,43.3637,2.5518,154,ok,pct(sum=100.0)
2018-03-31,ChinaH,MCHI US Equity,43.6403,2.5471,155,ok,pct(sum=100.0)
2018-06-30,ChinaH,MCHI US Equity,41.1696,2.7038,288,ok,pct(sum=99.3)
2018-09-30,ChinaH,MCHI US Equity,39.2511,2.5568,294,ok,pct(sum=99.6)
2018-12-31,ChinaH,MCHI US Equity,40.589,2.2061,303,ok,pct(sum=99.9)
2019-03-31,ChinaH,MCHI US Equity,40.1362,2.6433,309,ok,pct(sum=100.0)
2019-06-30,ChinaH,MCHI US Equity,40.0675,2.6295,392,ok,pct(sum=99.1)
2019-09-30,ChinaH,MCHI US Equity,38.8632,3.3948,463,ok,pct(sum=99.7)
2019-12-31,ChinaH,MCHI US Equity,39.3285,4.0225,597,ok,pct(sum=100.7)
2020-03-31,ChinaH,MCHI US Equity,41.0324,4.2761,603,ok,pct(sum=100.0)
2020-06-30,ChinaH,MCHI US Equity,41.4498,4.9431,608,ok,pct(sum=99.4)
2020-09-30,ChinaH,MCHI US Equity,43.0599,4.9863,608,ok,pct(sum=99.9)
2020-12-31,ChinaH,MCHI US Equity,37.1833,6.5104,602,ok,pct(sum=100.0)
2021-03-31,ChinaH,MCHI US Equity,38.3702,5.8131,598,ok,pct(sum=100.0)
2021-06-30,ChinaH,MCHI US Equity,35.5302,6.3213,602,ok,pct(sum=99.5)
2021-09-30,ChinaH,MCHI US Equity,32.656,6.8593,614,ok,pct(sum=99.9)
2021-12-31,ChinaH,MCHI US Equity,31.9645,7.1458,629,ok,pct(sum=100.0)
2022-03-31,ChinaH,MCHI US Equity,32.0974,6.205,633,ok,pct(sum=100.0)
2022-06-30,ChinaH,MCHI US Equity,31.3021,5.9084,615,ok,pct(sum=99.1)
2022-09-30,ChinaH,MCHI US Equity,31.33,5.3916,620,ok,pct(sum=99.7)
2022-12-31,ChinaH,MCHI US Equity,31.7676,5.7405,625,ok,pct(sum=99.7)
2023-03-31,ChinaH,MCHI US Equity,32.4081,6.1277,628,ok,pct(sum=99.9)
2023-06-30,ChinaH,MCHI US Equity,30.8396,6.2348,646,ok,pct(sum=99.1)
2023-09-30,ChinaH,MCHI US Equity,31.7084,5.7605,648,ok,pct(sum=99.6)
2023-12-31,ChinaH,MCHI US Equity,32.187,6.6491,662,ok,pct(sum=99.8)
2024-03-31,ChinaH,MCHI US Equity,32.6981,6.0673,662,ok,pct(sum=100.0)
2024-06-30,ChinaH,MCHI US Equity,35.4198,5.7999,655,ok,pct(sum=98.9)
2024-09-30,ChinaH,MCHI US Equity,37.3535,5.7391,595,ok,pct(sum=99.9)
2024-12-31,ChinaH,MCHI US Equity,35.8086,7.4124,580,ok,pct(sum=99.7)
2025-03-31,ChinaH,MCHI US Equity,39.272,8.0959,564,ok,pct(sum=100.0)
2025-06-30,ChinaH,MCHI US Equity,38.6544,9.0134,551,ok,pct(sum=100.0)
2025-09-30,ChinaH,MCHI US Equity,41.0236,8.8794,555,ok,pct(sum=100.0)
2025-12-31,ChinaH,MCHI US Equity,37.8235,8.1438,560,ok,pct(sum=99.9)
2026-03-31,ChinaH,MCHI US Equity,34.6984,8.9159,577,ok,pct(sum=99.9)
2026-06-30,ChinaH,MCHI US Equity,30.7947,13.761,573,ok,pct(sum=100.0)
2016-06-30,Denmark,EDEN US Equity,46.4018,0.0,43,ok,pct(sum=99.5)
2016-09-30,Denmark,EDEN US Equity,45.4077,0.0,43,ok,pct(sum=99.2)
2016-12-31,Denmark,EDEN US Equity,49.9035,0.0,44,ok,pct(sum=99.3)
2017-03-31,Denmark,EDEN US Equity,46.5298,0.0,44,ok,pct(sum=99.0)
2017-06-30,Denmark,EDEN US Equity,47.1909,0.0,46,ok,pct(sum=99.1)
2017-09-30,Denmark,EDEN US Equity,47.2844,0.0,46,ok,pct(sum=99.1)
2017-12-31,Denmark,EDEN US Equity,45.4729,0.0,47,ok,pct(sum=99.0)
2018-03-31,Denmark,EDEN US Equity,43.9041,0.0,46,ok,pct(sum=98.6)
2018-06-30,Denmark,EDEN US Equity,43.9507,0.0,45,ok,pct(sum=98.8)
2018-09-30,Denmark,EDEN US Equity,43.7301,0.0,45,ok,pct(sum=98.7)
2018-12-31,Denmark,EDEN US Equity,43.8877,0.6305,44,ok,pct(sum=99.0)
2019-03-31,Denmark,EDEN US Equity,43.7868,0.6282,44,ok,pct(sum=98.6)
2019-06-30,Denmark,EDEN US Equity,45.9584,0.6955,46,ok,pct(sum=98.3)
2019-09-30,Denmark,EDEN US Equity,46.0338,0.7202,46,ok,pct(sum=98.1)
2019-12-31,Denmark,EDEN US Equity,46.1603,0.7604,46,ok,pct(sum=98.2)
2020-03-31,Denmark,EDEN US Equity,50.2811,0.8476,46,ok,pct(sum=97.5)
2020-06-30,Denmark,EDEN US Equity,46.4953,1.1094,46,ok,pct(sum=98.5)
2020-09-30,Denmark,EDEN US Equity,50.6554,1.1326,46,ok,pct(sum=99.3)
2020-12-31,Denmark,EDEN US Equity,49.8239,1.2208,46,ok,pct(sum=100.0)
2021-03-31,Denmark,EDEN US Equity,47.5203,1.1425,47,ok,pct(sum=99.1)
2021-06-30,Denmark,EDEN US Equity,48.8854,1.2704,49,ok,pct(sum=99.4)
2021-09-30,Denmark,EDEN US Equity,48.8234,1.637,49,ok,pct(sum=99.5)
2021-12-31,Denmark,EDEN US Equity,47.4369,1.7199,50,ok,pct(sum=99.5)
2022-03-31,Denmark,EDEN US Equity,49.1433,1.2318,50,ok,pct(sum=99.2)
2022-06-30,Denmark,EDEN US Equity,46.599,1.4659,50,ok,pct(sum=99.1)
2022-09-30,Denmark,EDEN US Equity,49.4045,1.2076,49,ok,pct(sum=99.3)
2022-12-31,Denmark,EDEN US Equity,49.3199,1.1822,49,ok,pct(sum=99.3)
2023-03-31,Denmark,EDEN US Equity,48.1432,1.1339,49,ok,pct(sum=98.2)
2023-06-30,Denmark,EDEN US Equity,45.2917,1.42,51,ok,pct(sum=99.2)
2023-09-30,Denmark,EDEN US Equity,45.6971,1.5524,48,ok,pct(sum=99.1)
2023-12-31,Denmark,EDEN US Equity,42.8491,1.2703,47,ok,pct(sum=99.3)
2024-03-31,Denmark,EDEN US Equity,42.814,1.4548,46,ok,pct(sum=98.9)
2024-06-30,Denmark,EDEN US Equity,42.6547,1.3176,46,ok,pct(sum=99.2)
2024-09-30,Denmark,EDEN US Equity,41.2575,1.412,45,ok,pct(sum=99.1)
2024-12-31,Denmark,EDEN US Equity,41.92,1.6492,45,ok,pct(sum=99.1)
2025-03-31,Denmark,EDEN US Equity,42.3057,1.3961,45,ok,pct(sum=98.4)
2025-06-30,Denmark,EDEN US Equity,48.3767,1.2939,41,ok,pct(sum=100.0)
2025-09-30,Denmark,EDEN US Equity,48.9537,1.1387,42,ok,pct(sum=98.8)
2025-12-31,Denmark,EDEN US Equity,49.7669,1.2457,41,ok,pct(sum=100.0)
2026-03-31,Denmark,EDEN US Equity,49.1685,1.2906,40,ok,pct(sum=100.0)
2026-06-30,Denmark,EDEN US Equity,51.0122,0.9032,40,ok,pct(sum=100.0)
2016-06-30,France,EWQ US Equity,30.3014,3.1001,75,ok,pct(sum=99.9)
2016-09-30,France,EWQ US Equity,28.5793,3.4823,77,ok,pct(sum=99.5)
2016-12-31,France,EWQ US Equity,30.5048,3.2343,79,ok,pct(sum=99.9)
2017-03-31,France,EWQ US Equity,30.2927,3.5394,77,ok,pct(sum=99.9)
2017-06-30,France,EWQ US Equity,29.7737,3.5045,78,ok,pct(sum=99.1)
2017-09-30,France,EWQ US Equity,29.9832,3.7893,77,ok,pct(sum=99.8)
2017-12-31,France,EWQ US Equity,28.1533,3.7611,82,ok,pct(sum=99.8)
2018-03-31,France,EWQ US Equity,28.7656,4.0091,81,ok,pct(sum=99.7)
2018-06-30,France,EWQ US Equity,29.6324,4.2989,81,ok,pct(sum=99.8)
2018-09-30,France,EWQ US Equity,30.5277,3.8997,79,ok,pct(sum=99.7)
2018-12-31,France,EWQ US Equity,30.2144,3.5288,80,ok,pct(sum=99.9)
2019-03-31,France,EWQ US Equity,31.2781,3.7934,80,ok,pct(sum=99.8)
2019-06-30,France,EWQ US Equity,31.4982,3.8115,83,ok,pct(sum=99.7)
2019-09-30,France,EWQ US Equity,30.9759,3.669,81,ok,pct(sum=99.9)
2019-12-31,France,EWQ US Equity,31.4389,3.998,78,ok,pct(sum=99.9)
2020-03-31,France,EWQ US Equity,34.2859,4.4213,78,ok,pct(sum=99.8)
2020-06-30,France,EWQ US Equity,33.5037,4.6629,81,ok,pct(sum=99.7)
2020-09-30,France,EWQ US Equity,33.2721,4.9928,78,ok,pct(sum=99.8)
2020-12-31,France,EWQ US Equity,32.2153,4.8146,74,ok,pct(sum=100.0)
2021-03-31,France,EWQ US Equity,32.7087,4.8355,74,ok,pct(sum=99.9)
2021-06-30,France,EWQ US Equity,33.0454,4.7851,74,ok,pct(sum=99.7)
2021-09-30,France,EWQ US Equity,32.5395,5.4221,72,ok,pct(sum=99.1)
2021-12-31,France,EWQ US Equity,34.3422,5.5492,70,ok,pct(sum=100.5)
2022-03-31,France,EWQ US Equity,34.6731,5.3855,70,ok,pct(sum=100.6)
2022-06-30,France,EWQ US Equity,37.1,4.8402,66,ok,pct(sum=101.0)
2022-09-30,France,EWQ US Equity,36.9004,5.1601,66,ok,pct(sum=100.8)
2022-12-31,France,EWQ US Equity,37.1906,4.4571,66,ok,pct(sum=100.8)
2023-03-31,France,EWQ US Equity,37.6367,4.8914,64,ok,pct(sum=100.6)
2023-06-30,France,EWQ US Equity,37.5498,4.8881,64,ok,pct(sum=100.5)
2023-09-30,France,EWQ US Equity,37.6781,4.6503,64,ok,pct(sum=100.8)
2023-12-31,France,EWQ US Equity,37.0071,5.0947,62,ok,pct(sum=101.1)
2024-03-31,France,EWQ US Equity,36.3319,4.618,63,ok,pct(sum=101.0)
2024-06-30,France,EWQ US Equity,37.6124,4.4545,62,ok,pct(sum=101.2)
2024-09-30,France,EWQ US Equity,36.9251,4.0126,61,ok,pct(sum=99.8)
2024-12-31,France,EWQ US Equity,35.933,3.6787,60,ok,pct(sum=99.9)
2025-03-31,France,EWQ US Equity,33.9957,3.2036,59,ok,pct(sum=99.8)
2025-06-30,France,EWQ US Equity,31.4002,3.4734,58,ok,pct(sum=99.9)
2025-09-30,France,EWQ US Equity,32.455,3.0568,57,ok,pct(sum=99.9)
2025-12-31,France,EWQ US Equity,33.572,2.846,55,ok,pct(sum=100.0)
2026-03-31,France,EWQ US Equity,33.8179,2.6276,54,ok,pct(sum=100.0)
2026-06-30,France,EWQ US Equity,34.4425,3.5347,55,ok,pct(sum=99.9)
2016-06-30,Germany,EWG US Equity,36.1744,8.7875,57,ok,pct(sum=99.4)
2016-09-30,Germany,EWG US Equity,36.5538,9.805,57,ok,pct(sum=99.5)
2016-12-31,Germany,EWG US Equity,37.3171,9.2085,58,ok,pct(sum=99.1)
2017-03-31,Germany,EWG US Equity,37.7146,9.5492,59,ok,pct(sum=97.9)
2017-06-30,Germany,EWG US Equity,36.9866,9.5602,58,ok,pct(sum=98.4)
2017-09-30,Germany,EWG US Equity,37.2197,9.5928,59,ok,pct(sum=99.0)
2017-12-31,Germany,EWG US Equity,35.3224,9.521,63,ok,pct(sum=99.6)
2018-03-31,Germany,EWG US Equity,33.8445,9.2427,64,ok,pct(sum=99.6)
2018-06-30,Germany,EWG US Equity,35.7035,10.3302,69,ok,pct(sum=99.6)
2018-09-30,Germany,EWG US Equity,35.1006,10.6973,69,ok,pct(sum=99.5)
2018-12-31,Germany,EWG US Equity,35.625,10.7935,67,ok,pct(sum=99.4)
2019-03-31,Germany,EWG US Equity,35.4266,11.5339,66,ok,pct(sum=99.3)
2019-06-30,Germany,EWG US Equity,37.0534,12.6608,65,ok,pct(sum=99.3)
2019-09-30,Germany,EWG US Equity,35.8858,11.6203,64,ok,pct(sum=99.5)
2019-12-31,Germany,EWG US Equity,37.1071,12.3997,60,ok,pct(sum=99.3)
2020-03-31,Germany,EWG US Equity,36.7058,13.6329,59,ok,pct(sum=99.3)
2020-06-30,Germany,EWG US Equity,36.8232,15.2508,62,ok,pct(sum=99.4)
2020-09-30,Germany,EWG US Equity,35.0843,15.827,63,ok,pct(sum=99.5)
2020-12-31,Germany,EWG US Equity,33.0145,13.7994,62,ok,pct(sum=100.0)
2021-03-31,Germany,EWG US Equity,32.8804,12.7963,63,ok,pct(sum=99.5)
2021-06-30,Germany,EWG US Equity,32.3939,13.3978,62,ok,pct(sum=99.4)
2021-09-30,Germany,EWG US Equity,32.712,13.6638,64,ok,pct(sum=99.2)
2021-12-31,Germany,EWG US Equity,32.9226,14.3735,61,ok,pct(sum=99.3)
2022-03-31,Germany,EWG US Equity,33.459,12.8025,62,ok,pct(sum=99.1)
2022-06-30,Germany,EWG US Equity,34.777,12.4304,60,ok,pct(sum=98.9)
2022-09-30,Germany,EWG US Equity,35.0314,12.9174,60,ok,pct(sum=99.0)
2022-12-31,Germany,EWG US Equity,35.5265,12.9995,59,ok,pct(sum=98.7)
2023-03-31,Germany,EWG US Equity,36.6553,14.4302,59,ok,pct(sum=99.2)
2023-06-30,Germany,EWG US Equity,37.0771,15.0565,59,ok,pct(sum=99.0)
2023-09-30,Germany,EWG US Equity,37.7133,14.9963,59,ok,pct(sum=99.1)
2023-12-31,Germany,EWG US Equity,39.2091,16.1317,58,ok,pct(sum=99.8)
2024-03-31,Germany,EWG US Equity,41.4185,17.4684,56,ok,pct(sum=99.8)
2024-06-30,Germany,EWG US Equity,42.6816,18.7914,57,ok,pct(sum=99.8)
2024-09-30,Germany,EWG US Equity,43.9815,18.5161,56,ok,pct(sum=99.9)
2024-12-31,Germany,EWG US Equity,46.6491,20.5269,56,ok,pct(sum=99.9)
2025-03-31,Germany,EWG US Equity,47.379,19.0279,54,ok,pct(sum=99.8)
2025-06-30,Germany,EWG US Equity,45.4561,19.502,52,ok,pct(sum=100.0)
2025-09-30,Germany,EWG US Equity,45.1473,17.4901,53,ok,pct(sum=100.0)
2025-12-31,Germany,EWG US Equity,44.0724,15.9875,53,ok,pct(sum=100.0)
2026-03-31,Germany,EWG US Equity,42.9818,13.0665,53,ok,pct(sum=100.0)
2026-06-30,Germany,EWG US Equity,44.9986,15.2089,52,ok,pct(sum=100.0)
2016-06-30,Hong Kong,EWH US Equity,41.773,0.4437,45,ok,pct(sum=99.3)
2016-09-30,Hong Kong,EWH US Equity,42.9511,0.4618,45,ok,pct(sum=99.5)
2016-12-31,Hong Kong,EWH US Equity,40.361,0.6481,46,ok,pct(sum=99.6)
2017-03-31,Hong Kong,EWH US Equity,38.5854,0.7205,47,ok,pct(sum=98.9)
2017-06-30,Hong Kong,EWH US Equity,40.3213,0.7455,46,ok,pct(sum=99.2)
2017-09-30,Hong Kong,EWH US Equity,39.7863,0.7587,47,ok,pct(sum=98.9)
2017-12-31,Hong Kong,EWH US Equity,40.7082,0.6856,49,ok,pct(sum=99.8)
2018-03-31,Hong Kong,EWH US Equity,40.883,0.8026,49,ok,pct(sum=99.7)
2018-06-30,Hong Kong,EWH US Equity,,,,empty_after_filter,raw_rows=1
2018-09-30,Hong Kong,EWH US Equity,42.324,0.6021,48,ok,pct(sum=99.4)
2018-12-31,Hong Kong,EWH US Equity,41.8561,0.598,48,ok,pct(sum=99.9)
2019-03-31,Hong Kong,EWH US Equity,42.5663,0.6173,48,ok,pct(sum=99.6)
2019-06-30,Hong Kong,EWH US Equity,45.0449,0.5585,47,ok,pct(sum=99.7)
2019-09-30,Hong Kong,EWH US Equity,44.725,0.7571,47,ok,pct(sum=99.4)
2019-12-31,Hong Kong,EWH US Equity,45.8443,0.7983,44,ok,pct(sum=99.8)
2020-03-31,Hong Kong,EWH US Equity,47.1707,0.6659,44,ok,pct(sum=99.5)
2020-06-30,Hong Kong,EWH US Equity,47.6605,0.7159,41,ok,pct(sum=99.5)
2020-09-30,Hong Kong,EWH US Equity,48.0252,0.7235,42,ok,pct(sum=99.8)
2020-12-31,Hong Kong,EWH US Equity,47.7891,0.9438,38,ok,pct(sum=100.0)
2021-03-31,Hong Kong,EWH US Equity,46.1131,0.8423,39,ok,pct(sum=99.9)
2021-06-30,Hong Kong,EWH US Equity,47.0407,0.0,38,ok,pct(sum=99.9)
2021-09-30,Hong Kong,EWH US Equity,50.5344,0.0,38,ok,pct(sum=99.8)
2021-12-31,Hong Kong,EWH US Equity,50.1769,0.0,36,ok,pct(sum=100.0)
2022-03-31,Hong Kong,EWH US Equity,47.8592,0.0,36,ok,pct(sum=99.8)
2022-06-30,Hong Kong,EWH US Equity,48.7024,0.0,35,ok,pct(sum=99.8)
2022-09-30,Hong Kong,EWH US Equity,45.8776,0.0,35,ok,pct(sum=99.7)
2022-12-31,Hong Kong,EWH US Equity,48.1694,0.0,34,ok,pct(sum=99.9)
2023-03-31,Hong Kong,EWH US Equity,48.6499,0.0,33,ok,pct(sum=99.8)
2023-06-30,Hong Kong,EWH US Equity,48.0804,0.0,33,ok,pct(sum=99.6)
2023-09-30,Hong Kong,EWH US Equity,47.8768,0.0,33,ok,pct(sum=99.7)
2023-12-31,Hong Kong,EWH US Equity,46.442,0.0,34,ok,pct(sum=99.9)
2024-03-31,Hong Kong,EWH US Equity,46.2437,0.0,31,ok,pct(sum=99.6)
2024-06-30,Hong Kong,EWH US Equity,48.4418,0.0,29,ok,pct(sum=99.9)
2024-09-30,Hong Kong,EWH US Equity,52.4013,0.0,28,ok,pct(sum=99.8)
2024-12-31,Hong Kong,EWH US Equity,49.904,0.0,28,ok,pct(sum=99.8)
2025-03-31,Hong Kong,EWH US Equity,52.4508,0.0,28,ok,pct(sum=99.8)
2025-06-30,Hong Kong,EWH US Equity,53.0645,0.0,27,ok,pct(sum=100.0)
2025-09-30,Hong Kong,EWH US Equity,52.2716,0.0,27,ok,pct(sum=100.0)
2025-12-31,Hong Kong,EWH US Equity,51.5385,0.0,27,ok,pct(sum=100.0)
2026-03-31,Hong Kong,EWH US Equity,53.6281,0.0,26,ok,pct(sum=100.0)
2026-06-30,Hong Kong,EWH US Equity,52.8374,0.0,25,ok,pct(sum=100.0)
2016-06-30,India,INDA US Equity,34.5694,19.9547,74,ok,pct(sum=100.0)
2016-09-30,India,INDA US Equity,32.6417,16.9078,74,ok,pct(sum=100.0)
2016-12-31,India,INDA US Equity,32.0078,17.2409,76,ok,pct(sum=100.0)
2017-03-31,India,INDA US Equity,31.5134,16.0447,77,ok,pct(sum=100.0)
2017-06-30,India,INDA US Equity,30.5984,14.2843,77,ok,pct(sum=99.9)
2017-09-30,India,INDA US Equity,29.9096,13.7646,77,ok,pct(sum=100.0)
2017-12-31,India,INDA US Equity,29.5535,13.5395,79,ok,pct(sum=100.0)
2018-03-31,India,INDA US Equity,32.5182,15.1952,80,ok,pct(sum=100.9)
2018-06-30,India,INDA US Equity,37.3744,14.8621,82,ok,pct(sum=101.1)
2018-09-30,India,INDA US Equity,39.1716,16.732,82,ok,pct(sum=101.1)
2018-12-31,India,INDA US Equity,38.7296,15.108,81,ok,pct(sum=100.8)
2019-03-31,India,INDA US Equity,39.7109,15.4675,81,ok,pct(sum=100.9)
2019-06-30,India,INDA US Equity,38.7213,16.9755,79,ok,pct(sum=100.8)
2019-09-30,India,INDA US Equity,40.3653,15.8506,81,ok,pct(sum=100.0)
2019-12-31,India,INDA US Equity,40.1865,13.5418,87,ok,pct(sum=100.6)
2020-03-31,India,INDA US Equity,39.883,17.002,85,ok,pct(sum=99.7)
2020-06-30,India,INDA US Equity,39.6108,15.6194,87,ok,pct(sum=99.9)
2020-09-30,India,INDA US Equity,43.0704,18.7318,87,ok,pct(sum=100.0)
2020-12-31,India,INDA US Equity,37.0027,17.3337,96,ok,pct(sum=100.0)
2021-03-31,India,INDA US Equity,36.1833,17.5995,97,ok,pct(sum=101.1)
2021-06-30,India,INDA US Equity,34.6295,17.652,102,ok,pct(sum=101.8)
2021-09-30,India,INDA US Equity,34.486,17.636,103,ok,pct(sum=102.8)
2021-12-31,India,INDA US Equity,34.1283,19.7741,106,ok,pct(sum=102.7)
2022-03-31,India,INDA US Equity,33.3989,17.9789,109,ok,pct(sum=103.1)
2022-06-30,India,INDA US Equity,35.5215,16.5406,111,ok,pct(sum=101.4)
2022-09-30,India,INDA US Equity,32.2909,14.4532,110,ok,pct(sum=100.4)
2022-12-31,India,INDA US Equity,32.9,14.6176,114,ok,pct(sum=100.2)
2023-03-31,India,INDA US Equity,34.0872,15.2498,115,ok,pct(sum=100.0)
2023-06-30,India,INDA US Equity,31.0453,13.1755,115,ok,pct(sum=100.1)
2023-09-30,India,INDA US Equity,28.5152,13.2665,125,ok,pct(sum=100.8)
2023-12-31,India,INDA US Equity,26.8552,12.9258,131,ok,pct(sum=101.3)
2024-03-31,India,INDA US Equity,25.3875,11.745,136,ok,pct(sum=101.9)
2024-06-30,India,INDA US Equity,24.3798,10.6651,148,ok,pct(sum=102.9)
2024-09-30,India,INDA US Equity,24.7253,11.2127,151,ok,pct(sum=99.7)
2024-12-31,India,INDA US Equity,26.9459,12.0543,156,ok,pct(sum=99.8)
2025-03-31,India,INDA US Equity,27.9554,10.413,157,ok,pct(sum=101.0)
2025-06-30,India,INDA US Equity,28.381,9.9093,158,ok,pct(sum=100.2)
2025-09-30,India,INDA US Equity,27.2437,9.0919,160,ok,pct(sum=99.7)
2025-12-31,India,INDA US Equity,27.4791,9.3809,163,ok,pct(sum=99.8)
2026-03-31,India,INDA US Equity,26.0304,8.3744,163,ok,pct(sum=99.5)
2026-06-30,India,INDA US Equity,24.4927,6.3681,164,ok,pct(sum=99.9)
2016-06-30,Indonesia,EIDO US Equity,47.0547,0.0,82,ok,pct(sum=100.0)
2016-09-30,Indonesia,EIDO US Equity,49.5717,0.0,82,ok,pct(sum=100.0)
2016-12-31,Indonesia,EIDO US Equity,49.5178,0.3608,85,ok,pct(sum=100.0)
2017-03-31,Indonesia,EIDO US Equity,49.7888,0.3061,85,ok,pct(sum=100.0)
2017-06-30,Indonesia,EIDO US Equity,49.5638,0.3118,90,ok,pct(sum=100.0)
2017-09-30,Indonesia,EIDO US Equity,50.1897,0.3393,90,ok,pct(sum=100.0)
2017-12-31,Indonesia,EIDO US Equity,49.3805,0.3734,89,ok,pct(sum=100.0)
2018-03-31,Indonesia,EIDO US Equity,48.4739,0.4964,87,ok,pct(sum=99.6)
2018-06-30,Indonesia,EIDO US Equity,48.9049,0.5519,84,ok,pct(sum=99.8)
2018-09-30,Indonesia,EIDO US Equity,49.1891,0.5476,82,ok,pct(sum=99.9)
2018-12-31,Indonesia,EIDO US Equity,47.6957,0.5868,77,ok,pct(sum=100.0)
2019-03-31,Indonesia,EIDO US Equity,48.2779,0.527,74,ok,pct(sum=100.0)
2019-06-30,Indonesia,EIDO US Equity,48.0906,0.4407,80,ok,pct(sum=99.6)
2019-09-30,Indonesia,EIDO US Equity,49.0609,0.4737,79,ok,pct(sum=100.0)
2019-12-31,Indonesia,EIDO US Equity,49.6716,0.4152,83,ok,pct(sum=100.0)
2020-03-31,Indonesia,EIDO US Equity,52.5834,0.3268,83,ok,pct(sum=100.0)
2020-06-30,Indonesia,EIDO US Equity,49.6996,0.0,75,ok,pct(sum=99.2)
2020-09-30,Indonesia,EIDO US Equity,47.3522,0.0,74,ok,pct(sum=99.9)
2020-12-31,Indonesia,EIDO US Equity,46.6247,0.0,70,ok,pct(sum=100.0)
2021-03-31,Indonesia,EIDO US Equity,48.604,0.0,76,ok,pct(sum=99.9)
2021-06-30,Indonesia,EIDO US Equity,51.2855,0.0,75,ok,pct(sum=99.5)
2021-09-30,Indonesia,EIDO US Equity,54.1789,0.0,75,ok,pct(sum=99.9)
2021-12-31,Indonesia,EIDO US Equity,54.3889,0.0,83,ok,pct(sum=99.7)
2022-03-31,Indonesia,EIDO US Equity,53.3782,0.0,79,ok,pct(sum=99.1)
2022-06-30,Indonesia,EIDO US Equity,47.7764,0.0609,90,ok,pct(sum=99.5)
2022-09-30,Indonesia,EIDO US Equity,49.6606,0.0654,90,ok,pct(sum=99.9)
2022-12-31,Indonesia,EIDO US Equity,49.3327,0.0931,89,ok,pct(sum=100.0)
2023-03-31,Indonesia,EIDO US Equity,49.6686,0.1113,88,ok,pct(sum=98.7)
2023-06-30,Indonesia,EIDO US Equity,53.1859,0.1005,87,ok,pct(sum=99.3)
2023-09-30,Indonesia,EIDO US Equity,52.3006,0.0933,86,ok,pct(sum=100.0)
2023-12-31,Indonesia,EIDO US Equity,54.4363,0.1025,83,ok,pct(sum=100.0)
2024-03-31,Indonesia,EIDO US Equity,51.883,0.1736,84,ok,pct(sum=98.5)
2024-06-30,Indonesia,EIDO US Equity,53.8078,0.1854,82,ok,pct(sum=99.7)
2024-09-30,Indonesia,EIDO US Equity,51.9895,0.1909,82,ok,pct(sum=100.0)
2024-12-31,Indonesia,EIDO US Equity,52.4392,0.2096,80,ok,pct(sum=99.6)
2025-03-31,Indonesia,EIDO US Equity,54.1259,0.0,77,ok,pct(sum=99.5)
2025-06-30,Indonesia,EIDO US Equity,50.9352,0.0,76,ok,pct(sum=99.9)
2025-09-30,Indonesia,EIDO US Equity,46.4881,0.0,81,ok,pct(sum=100.0)
2025-12-31,Indonesia,EIDO US Equity,45.303,0.0,84,ok,pct(sum=100.0)
2026-03-31,Indonesia,EIDO US Equity,45.867,0.0,82,ok,pct(sum=99.9)
2026-06-30,Indonesia,EIDO US Equity,49.6549,0.0,67,ok,pct(sum=99.9)
2016-06-30,Italy,EWI US Equity,48.5941,0.0,24,ok,pct(sum=100.0)
2016-09-30,Italy,EWI US Equity,48.1386,0.0,24,ok,pct(sum=100.0)
2016-12-31,Italy,EWI US Equity,52.0297,0.0,23,ok,pct(sum=99.9)
2017-03-31,Italy,EWI US Equity,49.7053,0.0,23,ok,pct(sum=100.0)
2017-06-30,Italy,EWI US Equity,48.3874,0.0,24,ok,pct(sum=100.0)
2017-09-30,Italy,EWI US Equity,49.3776,0.0,24,ok,pct(sum=99.8)
2017-12-31,Italy,EWI US Equity,48.3566,0.0,24,ok,pct(sum=99.9)
2018-03-31,Italy,EWI US Equity,49.6344,0.0,24,ok,pct(sum=99.9)
2018-06-30,Italy,EWI US Equity,48.8346,0.0,27,ok,pct(sum=99.8)
2018-09-30,Italy,EWI US Equity,49.32,0.0,25,ok,pct(sum=99.9)
2018-12-31,Italy,EWI US Equity,51.9833,0.0,24,ok,pct(sum=99.9)
2019-03-31,Italy,EWI US Equity,49.0746,0.0,24,ok,pct(sum=99.9)
2019-06-30,Italy,EWI US Equity,49.4474,0.0,24,ok,pct(sum=99.9)
2019-09-30,Italy,EWI US Equity,49.9396,0.0,25,ok,pct(sum=99.9)
2019-12-31,Italy,EWI US Equity,50.0685,0.0,25,ok,pct(sum=99.9)
2020-03-31,Italy,EWI US Equity,49.6973,0.0,24,ok,pct(sum=99.9)
2020-06-30,Italy,EWI US Equity,50.98,0.0,27,ok,pct(sum=99.8)
2020-09-30,Italy,EWI US Equity,48.1825,0.0,27,ok,pct(sum=99.9)
2020-12-31,Italy,EWI US Equity,49.6772,0.0,25,ok,pct(sum=99.9)
2021-03-31,Italy,EWI US Equity,50.5622,0.0,26,ok,pct(sum=99.0)
2021-06-30,Italy,EWI US Equity,48.7755,0.0,26,ok,pct(sum=99.8)
2021-09-30,Italy,EWI US Equity,47.8876,0.0,26,ok,pct(sum=99.7)
2021-12-31,Italy,EWI US Equity,48.7202,0.0,26,ok,pct(sum=100.0)
2022-03-31,Italy,EWI US Equity,47.435,0.0,26,ok,pct(sum=99.9)
2022-06-30,Italy,EWI US Equity,46.7627,0.0,26,ok,pct(sum=99.9)
2022-09-30,Italy,EWI US Equity,45.1068,0.0,25,ok,pct(sum=99.8)
2022-12-31,Italy,EWI US Equity,48.7664,0.0,24,ok,pct(sum=99.7)
2023-03-31,Italy,EWI US Equity,44.6219,0.0,24,ok,pct(sum=99.8)
2023-06-30,Italy,EWI US Equity,46.0953,0.0,24,ok,pct(sum=99.8)
2023-09-30,Italy,EWI US Equity,45.486,0.0,24,ok,pct(sum=99.8)
2023-12-31,Italy,EWI US Equity,44.6535,0.0,25,ok,pct(sum=99.8)
2024-03-31,Italy,EWI US Equity,46.5297,0.0,25,ok,pct(sum=99.7)
2024-06-30,Italy,EWI US Equity,45.4894,0.0,26,ok,pct(sum=99.8)
2024-09-30,Italy,EWI US Equity,51.0452,0.0,25,ok,pct(sum=99.9)
2024-12-31,Italy,EWI US Equity,48.7671,0.0,27,ok,pct(sum=99.7)
2025-03-31,Italy,EWI US Equity,50.2366,0.0,27,ok,pct(sum=99.8)
2025-06-30,Italy,EWI US Equity,49.8705,0.0,26,ok,pct(sum=100.0)
2025-09-30,Italy,EWI US Equity,49.6635,0.0,25,ok,pct(sum=100.0)
2025-12-31,Italy,EWI US Equity,49.4289,0.0,26,ok,pct(sum=100.0)
2026-03-31,Italy,EWI US Equity,51.5726,0.0,25,ok,pct(sum=100.0)
2026-06-30,Italy,EWI US Equity,49.5176,0.0,25,ok,pct(sum=100.0)
2016-06-30,Japan,EWJ US Equity,12.5209,7.6429,319,ok,pct(sum=99.4)
2016-09-30,Japan,EWJ US Equity,12.8234,7.7656,326,ok,pct(sum=100.0)
2016-12-31,Japan,EWJ US Equity,13.496,7.8886,326,ok,pct(sum=99.6)
2017-03-31,Japan,EWJ US Equity,12.1998,8.2413,321,ok,pct(sum=97.9)
2017-06-30,Japan,EWJ US Equity,11.9035,8.7119,321,ok,pct(sum=98.9)
2017-09-30,Japan,EWJ US Equity,11.9648,9.0809,322,ok,pct(sum=98.3)
2017-12-31,Japan,EWJ US Equity,12.025,9.2429,323,ok,pct(sum=99.8)
2018-03-31,Japan,EWJ US Equity,11.7528,9.1852,322,ok,pct(sum=99.0)
2018-06-30,Japan,EWJ US Equity,11.3401,9.2332,327,ok,pct(sum=99.4)
2018-09-30,Japan,EWJ US Equity,12.0849,8.8083,327,ok,pct(sum=99.1)
2018-12-31,Japan,EWJ US Equity,11.5734,8.5645,327,ok,pct(sum=100.0)
2019-03-31,Japan,EWJ US Equity,11.8641,9.1975,327,ok,pct(sum=99.0)
2019-06-30,Japan,EWJ US Equity,12.0135,9.2179,328,ok,pct(sum=99.3)
2019-09-30,Japan,EWJ US Equity,12.0232,9.3957,328,ok,pct(sum=99.0)
2019-12-31,Japan,EWJ US Equity,12.2766,10.0302,325,ok,pct(sum=99.7)
2020-03-31,Japan,EWJ US Equity,12.5026,10.2376,324,ok,pct(sum=98.7)
2020-06-30,Japan,EWJ US Equity,12.8745,11.1082,322,ok,pct(sum=99.3)
2020-09-30,Japan,EWJ US Equity,13.3992,11.1174,321,ok,pct(sum=99.0)
2020-12-31,Japan,EWJ US Equity,14.6044,12.5024,301,ok,pct(sum=100.0)
2021-03-31,Japan,EWJ US Equity,14.1783,11.9172,302,ok,pct(sum=99.0)
2021-06-30,Japan,EWJ US Equity,14.2026,13.3124,274,ok,pct(sum=99.5)
2021-09-30,Japan,EWJ US Equity,14.6555,13.8853,273,ok,pct(sum=99.2)
2021-12-31,Japan,EWJ US Equity,16.4663,15.1343,260,ok,pct(sum=99.8)
2022-03-31,Japan,EWJ US Equity,15.6683,13.5683,261,ok,pct(sum=99.0)
2022-06-30,Japan,EWJ US Equity,14.6922,12.6026,240,ok,pct(sum=99.3)
2022-09-30,Japan,EWJ US Equity,13.7862,12.4699,239,ok,pct(sum=99.0)
2022-12-31,Japan,EWJ US Equity,14.4925,12.527,238,ok,pct(sum=99.7)
2023-03-31,Japan,EWJ US Equity,14.9022,13.4817,238,ok,pct(sum=98.9)
2023-06-30,Japan,EWJ US Equity,14.9013,13.9119,238,ok,pct(sum=99.6)
2023-09-30,Japan,EWJ US Equity,15.3736,12.9329,236,ok,pct(sum=98.9)
2023-12-31,Japan,EWJ US Equity,15.9974,14.641,226,ok,pct(sum=99.7)
2024-03-31,Japan,EWJ US Equity,17.4467,15.1355,219,ok,pct(sum=99.0)
2024-06-30,Japan,EWJ US Equity,17.1554,14.9806,204,ok,pct(sum=99.5)
2024-09-30,Japan,EWJ US Equity,15.9725,14.3959,199,ok,pct(sum=99.0)
2024-12-31,Japan,EWJ US Equity,18.2703,13.3783,192,ok,pct(sum=99.8)
2025-03-31,Japan,EWJ US Equity,18.1519,12.4315,184,ok,pct(sum=98.9)
2025-06-30,Japan,EWJ US Equity,17.5496,13.5095,182,ok,pct(sum=99.8)
2025-09-30,Japan,EWJ US Equity,18.0572,13.063,180,ok,pct(sum=100.0)
2025-12-31,Japan,EWJ US Equity,17.7882,14.0256,181,ok,pct(sum=100.0)
2026-03-31,Japan,EWJ US Equity,16.4413,13.8631,178,ok,pct(sum=99.9)
2026-06-30,Japan,EWJ US Equity,17.9807,22.3065,168,ok,pct(sum=100.0)
2016-06-30,Korea,EWY US Equity,34.1417,30.7982,108,ok,pct(sum=100.0)
2016-09-30,Korea,EWY US Equity,34.4206,28.8067,109,ok,pct(sum=100.0)
2016-12-31,Korea,EWY US Equity,36.422,31.1781,109,ok,pct(sum=100.0)
2017-03-31,Korea,EWY US Equity,36.6306,30.8338,108,ok,pct(sum=100.0)
2017-06-30,Korea,EWY US Equity,36.3567,32.1019,113,ok,pct(sum=100.0)
2017-09-30,Korea,EWY US Equity,38.3436,34.1172,112,ok,pct(sum=100.0)
2017-12-31,Korea,EWY US Equity,35.0658,30.577,114,ok,pct(sum=100.0)
2018-03-31,Korea,EWY US Equity,36.5891,32.2883,115,ok,pct(sum=98.7)
2018-06-30,Korea,EWY US Equity,36.8951,32.6159,116,ok,pct(sum=99.9)
2018-09-30,Korea,EWY US Equity,35.4477,31.8972,116,ok,pct(sum=100.0)
2018-12-31,Korea,EWY US Equity,32.8637,29.7049,115,ok,pct(sum=98.3)
2019-03-31,Korea,EWY US Equity,34.9295,32.0539,115,ok,pct(sum=98.7)
2019-06-30,Korea,EWY US Equity,37.2667,33.8164,115,ok,pct(sum=99.8)
2019-09-30,Korea,EWY US Equity,37.7168,33.7297,114,ok,pct(sum=99.9)
2019-12-31,Korea,EWY US Equity,37.0426,33.7881,112,ok,pct(sum=98.8)
2020-03-31,Korea,EWY US Equity,38.6109,34.4762,110,ok,pct(sum=98.6)
2020-06-30,Korea,EWY US Equity,39.4608,33.966,109,ok,pct(sum=99.9)
2020-09-30,Korea,EWY US Equity,39.5628,34.4364,108,ok,pct(sum=99.9)
2020-12-31,Korea,EWY US Equity,41.496,37.4078,106,ok,pct(sum=100.0)
2021-03-31,Korea,EWY US Equity,39.0959,34.7585,107,ok,pct(sum=98.6)
2021-06-30,Korea,EWY US Equity,38.9673,33.7052,104,ok,pct(sum=99.8)
2021-09-30,Korea,EWY US Equity,39.0876,34.2817,108,ok,pct(sum=99.7)
2021-12-31,Korea,EWY US Equity,41.0006,37.2908,112,ok,pct(sum=99.1)
2022-03-31,Korea,EWY US Equity,36.6279,32.8691,112,ok,pct(sum=98.5)
2022-06-30,Korea,EWY US Equity,35.8825,32.6625,112,ok,pct(sum=99.7)
2022-09-30,Korea,EWY US Equity,37.5692,34.1555,112,ok,pct(sum=99.7)
2022-12-31,Korea,EWY US Equity,35.6676,32.5279,104,ok,pct(sum=98.4)
2023-03-31,Korea,EWY US Equity,37.4071,33.8829,105,ok,pct(sum=98.3)
2023-06-30,Korea,EWY US Equity,39.2555,36.2878,104,ok,pct(sum=99.6)
2023-09-30,Korea,EWY US Equity,38.622,35.1432,107,ok,pct(sum=99.6)
2023-12-31,Korea,EWY US Equity,37.7604,35.1263,105,ok,pct(sum=99.2)
2024-03-31,Korea,EWY US Equity,39.3413,37.0713,100,ok,pct(sum=98.7)
2024-06-30,Korea,EWY US Equity,42.0218,38.2532,100,ok,pct(sum=99.6)
2024-09-30,Korea,EWY US Equity,35.5326,31.998,101,ok,pct(sum=99.6)
2024-12-31,Korea,EWY US Equity,40.9102,36.9672,94,ok,pct(sum=99.7)
2025-03-31,Korea,EWY US Equity,41.2859,37.0039,83,ok,pct(sum=98.5)
2025-06-30,Korea,EWY US Equity,41.1873,35.8924,83,ok,pct(sum=99.9)
2025-09-30,Korea,EWY US Equity,45.0472,40.2592,82,ok,pct(sum=100.0)
2025-12-31,Korea,EWY US Equity,50.9177,47.2089,83,ok,pct(sum=99.9)
2026-03-31,Korea,EWY US Equity,49.3633,46.0287,81,ok,pct(sum=100.0)
2026-06-30,Korea,EWY US Equity,60.9022,57.0078,78,ok,pct(sum=99.9)
2016-06-30,Malaysia,EWM US Equity,37.3536,0.0,44,ok,pct(sum=100.0)
2016-09-30,Malaysia,EWM US Equity,36.8243,0.0,44,ok,pct(sum=100.0)
2016-12-31,Malaysia,EWM US Equity,37.9878,0.0,44,ok,pct(sum=100.0)
2017-03-31,Malaysia,EWM US Equity,37.0299,0.0,44,ok,pct(sum=100.0)
2017-06-30,Malaysia,EWM US Equity,39.2092,0.0,42,ok,pct(sum=100.0)
2017-09-30,Malaysia,EWM US Equity,39.9604,0.0,42,ok,pct(sum=100.0)
2017-12-31,Malaysia,EWM US Equity,39.4846,0.0,47,ok,pct(sum=100.0)
2018-03-31,Malaysia,EWM US Equity,41.7222,0.0,48,ok,pct(sum=99.6)
2018-06-30,Malaysia,EWM US Equity,38.8421,0.0,49,ok,pct(sum=99.5)
2018-09-30,Malaysia,EWM US Equity,39.8893,0.0,49,ok,pct(sum=99.3)
2018-12-31,Malaysia,EWM US Equity,41.1042,0.0,46,ok,pct(sum=99.6)
2019-03-31,Malaysia,EWM US Equity,,,,empty_after_filter,raw_rows=1
2019-06-30,Malaysia,EWM US Equity,40.0112,0.0,45,ok,pct(sum=99.7)
2019-09-30,Malaysia,EWM US Equity,39.0501,0.0,45,ok,pct(sum=99.3)
2019-12-31,Malaysia,EWM US Equity,38.9652,0.0,42,ok,pct(sum=99.9)
2020-03-31,Malaysia,EWM US Equity,37.4383,0.0,41,ok,pct(sum=99.0)
2020-06-30,Malaysia,EWM US Equity,36.1223,0.0,39,ok,pct(sum=104.1)
2020-09-30,Malaysia,EWM US Equity,36.1816,0.0,41,ok,pct(sum=99.5)
2020-12-31,Malaysia,EWM US Equity,36.4114,0.0,38,ok,pct(sum=100.0)
2021-03-31,Malaysia,EWM US Equity,36.0097,0.0,39,ok,pct(sum=99.0)
2021-06-30,Malaysia,EWM US Equity,37.7195,0.0,37,ok,pct(sum=99.5)
2021-09-30,Malaysia,EWM US Equity,37.4041,0.0,37,ok,pct(sum=99.0)
2021-12-31,Malaysia,EWM US Equity,39.0909,2.5947,36,ok,pct(sum=99.8)
2022-03-31,Malaysia,EWM US Equity,40.7424,1.9512,36,ok,pct(sum=99.2)
2022-06-30,Malaysia,EWM US Equity,42.7616,1.7471,35,ok,pct(sum=99.9)
2022-09-30,Malaysia,EWM US Equity,43.6088,1.7093,35,ok,pct(sum=99.1)
2022-12-31,Malaysia,EWM US Equity,43.3211,1.6613,35,ok,pct(sum=99.8)
2023-03-31,Malaysia,EWM US Equity,41.9984,1.6221,35,ok,pct(sum=99.3)
2023-06-30,Malaysia,EWM US Equity,41.3698,1.721,34,ok,pct(sum=99.0)
2023-09-30,Malaysia,EWM US Equity,43.7397,1.712,33,ok,pct(sum=99.0)
2023-12-31,Malaysia,EWM US Equity,44.8508,1.822,32,ok,pct(sum=100.0)
2024-03-31,Malaysia,EWM US Equity,43.3818,1.8898,33,ok,pct(sum=98.7)
2024-06-30,Malaysia,EWM US Equity,44.4513,2.1379,33,ok,pct(sum=99.8)
2024-09-30,Malaysia,EWM US Equity,45.4676,1.5836,34,ok,pct(sum=99.4)
2024-12-31,Malaysia,EWM US Equity,46.4602,1.6449,34,ok,pct(sum=99.9)
2025-03-31,Malaysia,EWM US Equity,49.9688,0.0,30,ok,pct(sum=99.8)
2025-06-30,Malaysia,EWM US Equity,48.7029,0.0,30,ok,pct(sum=100.0)
2025-09-30,Malaysia,EWM US Equity,50.115,0.0,27,ok,pct(sum=99.9)
2025-12-31,Malaysia,EWM US Equity,51.4268,0.0,27,ok,pct(sum=100.0)
2026-03-31,Malaysia,EWM US Equity,52.1261,0.0,27,ok,pct(sum=99.8)
2026-06-30,Malaysia,EWM US Equity,57.1413,0.0,21,ok,pct(sum=101.0)
2016-06-30,Mexico,EWW US Equity,41.2964,0.0,63,ok,pct(sum=100.0)
2016-09-30,Mexico,EWW US Equity,38.5056,0.0,62,ok,pct(sum=100.0)
2016-12-31,Mexico,EWW US Equity,41.3074,0.0,62,ok,pct(sum=100.0)
2017-03-31,Mexico,EWW US Equity,40.6013,0.0,63,ok,pct(sum=100.0)
2017-06-30,Mexico,EWW US Equity,43.0819,0.0,61,ok,pct(sum=100.0)
2017-09-30,Mexico,EWW US Equity,43.5619,0.0,60,ok,pct(sum=100.0)
2017-12-31,Mexico,EWW US Equity,44.3868,0.0,61,ok,pct(sum=100.0)
2018-03-31,Mexico,EWW US Equity,44.2726,0.0,61,ok,pct(sum=99.8)
2018-06-30,Mexico,EWW US Equity,47.2897,0.0,61,ok,pct(sum=99.8)
2018-09-30,Mexico,EWW US Equity,48.4902,0.0,60,ok,pct(sum=99.9)
2018-12-31,Mexico,EWW US Equity,49.8591,0.0,60,ok,pct(sum=99.9)
2019-03-31,Mexico,EWW US Equity,49.6229,0.0,60,ok,pct(sum=100.0)
2019-06-30,Mexico,EWW US Equity,47.7656,0.0,57,ok,pct(sum=99.9)
2019-09-30,Mexico,EWW US Equity,51.7214,0.0,57,ok,pct(sum=100.0)
2019-12-31,Mexico,EWW US Equity,49.6848,0.0,58,ok,pct(sum=99.9)
2020-03-31,Mexico,EWW US Equity,51.5515,0.0,55,ok,pct(sum=99.9)
2020-06-30,Mexico,EWW US Equity,49.741,0.0,47,ok,pct(sum=99.8)
2020-09-30,Mexico,EWW US Equity,47.9583,0.0,47,ok,pct(sum=99.9)
2020-12-31,Mexico,EWW US Equity,47.2942,0.0,48,ok,pct(sum=100.0)
2021-03-31,Mexico,EWW US Equity,48.0145,0.0,48,ok,pct(sum=99.9)
2021-06-30,Mexico,EWW US Equity,48.0492,0.0,48,ok,pct(sum=99.9)
2021-09-30,Mexico,EWW US Equity,48.0892,0.0,48,ok,pct(sum=99.7)
2021-12-31,Mexico,EWW US Equity,49.7517,0.0,47,ok,pct(sum=99.9)
2022-03-31,Mexico,EWW US Equity,50.0359,0.0,47,ok,pct(sum=99.8)
2022-06-30,Mexico,EWW US Equity,47.8998,0.0,44,ok,pct(sum=99.8)
2022-09-30,Mexico,EWW US Equity,48.5046,0.0,45,ok,pct(sum=99.6)
2022-12-31,Mexico,EWW US Equity,47.6495,0.0,45,ok,pct(sum=99.6)
2023-03-31,Mexico,EWW US Equity,47.564,0.0,45,ok,pct(sum=99.7)
2023-06-30,Mexico,EWW US Equity,47.9543,0.0,45,ok,pct(sum=99.7)
2023-09-30,Mexico,EWW US Equity,46.8485,0.0,44,ok,pct(sum=99.8)
2023-12-31,Mexico,EWW US Equity,45.6739,0.0,45,ok,pct(sum=99.7)
2024-03-31,Mexico,EWW US Equity,46.0803,0.0,44,ok,pct(sum=99.9)
2024-06-30,Mexico,EWW US Equity,43.3344,0.0,44,ok,pct(sum=99.2)
2024-09-30,Mexico,EWW US Equity,42.8891,0.0,45,ok,pct(sum=99.7)
2024-12-31,Mexico,EWW US Equity,42.6817,0.0,43,ok,pct(sum=99.6)
2025-03-31,Mexico,EWW US Equity,43.4726,0.0,43,ok,pct(sum=99.8)
2025-06-30,Mexico,EWW US Equity,43.4274,0.0,41,ok,pct(sum=99.9)
2025-09-30,Mexico,EWW US Equity,44.8591,0.0,41,ok,pct(sum=99.9)
2025-12-31,Mexico,EWW US Equity,41.9691,0.0,39,ok,pct(sum=100.0)
2026-03-31,Mexico,EWW US Equity,44.9827,0.0,40,ok,pct(sum=100.0)
2026-06-30,Mexico,EWW US Equity,46.4712,0.0,39,ok,pct(sum=99.7)
2016-06-30,NASDAQ,QQQ US Equity,34.3654,33.9155,108,ok,pct(sum=99.6)
2016-09-30,NASDAQ,QQQ US Equity,35.7122,35.5804,104,ok,pct(sum=99.7)
2016-12-31,NASDAQ,QQQ US Equity,35.3141,36.9116,106,ok,pct(sum=100.0)
2017-03-31,NASDAQ,QQQ US Equity,36.799,36.7715,106,ok,pct(sum=99.8)
2017-06-30,NASDAQ,QQQ US Equity,37.2514,36.1998,106,ok,pct(sum=99.7)
2017-09-30,NASDAQ,QQQ US Equity,37.4928,37.279,106,ok,pct(sum=99.7)
2017-12-31,NASDAQ,QQQ US Equity,39.2333,39.1541,107,ok,pct(sum=99.9)
2018-03-31,NASDAQ,QQQ US Equity,39.8567,39.9751,103,ok,pct(sum=99.8)
2018-06-30,NASDAQ,QQQ US Equity,41.9686,39.0998,103,ok,pct(sum=99.9)
2018-09-30,NASDAQ,QQQ US Equity,42.7761,39.6301,103,ok,pct(sum=99.7)
2018-12-31,NASDAQ,QQQ US Equity,38.3178,38.8783,103,ok,pct(sum=99.9)
2019-03-31,NASDAQ,QQQ US Equity,39.3982,40.0105,104,ok,pct(sum=99.7)
2019-06-30,NASDAQ,QQQ US Equity,40.4946,40.3486,103,ok,pct(sum=99.7)
2019-09-30,NASDAQ,QQQ US Equity,40.6962,41.3567,106,ok,pct(sum=99.7)
2019-12-31,NASDAQ,QQQ US Equity,38.7071,42.4783,106,ok,pct(sum=99.9)
2020-03-31,NASDAQ,QQQ US Equity,40.6205,42.5318,103,ok,pct(sum=99.7)
2020-06-30,NASDAQ,QQQ US Equity,42.1123,43.6207,103,ok,pct(sum=99.8)
2020-09-30,NASDAQ,QQQ US Equity,42.5176,43.7298,103,ok,pct(sum=99.8)
2020-12-31,NASDAQ,QQQ US Equity,38.2847,43.0622,104,ok,pct(sum=99.9)
2021-03-31,NASDAQ,QQQ US Equity,36.7959,43.3447,102,ok,pct(sum=99.8)
2021-06-30,NASDAQ,QQQ US Equity,37.0403,44.0339,102,ok,pct(sum=99.9)
2021-09-30,NASDAQ,QQQ US Equity,37.2961,44.0578,102,ok,pct(sum=99.8)
2021-12-31,NASDAQ,QQQ US Equity,37.4858,47.329,101,ok,pct(sum=99.9)
2022-03-31,NASDAQ,QQQ US Equity,38.9664,47.3457,102,ok,pct(sum=99.8)
2022-06-30,NASDAQ,QQQ US Equity,37.401,46.8645,102,ok,pct(sum=99.7)
2022-09-30,NASDAQ,QQQ US Equity,38.9654,45.5879,102,ok,pct(sum=99.7)
2022-12-31,NASDAQ,QQQ US Equity,38.0073,46.9359,101,ok,pct(sum=99.9)
2023-03-31,NASDAQ,QQQ US Equity,40.0029,48.9486,102,ok,pct(sum=99.8)
2023-06-30,NASDAQ,QQQ US Equity,43.536,51.1638,101,ok,pct(sum=100.0)
2023-09-30,NASDAQ,QQQ US Equity,33.7268,48.3519,101,ok,pct(sum=100.0)
2023-12-31,NASDAQ,QQQ US Equity,30.6569,49.1558,101,ok,pct(sum=100.0)
2024-03-31,NASDAQ,QQQ US Equity,32.4977,49.5842,101,ok,pct(sum=100.0)
2024-06-30,NASDAQ,QQQ US Equity,35.0847,51.5089,103,ok,pct(sum=99.8)
2024-09-30,NASDAQ,QQQ US Equity,35.069,50.008,101,ok,pct(sum=99.8)
2024-12-31,NASDAQ,QQQ US Equity,36.9772,51.0924,101,ok,pct(sum=100.0)
2025-03-31,NASDAQ,QQQ US Equity,33.9697,49.0729,101,ok,pct(sum=99.8)
2025-06-30,NASDAQ,QQQ US Equity,35.8263,52.6368,101,ok,pct(sum=99.8)
2025-09-30,NASDAQ,QQQ US Equity,37.148,54.6227,101,ok,pct(sum=99.8)
2025-12-31,NASDAQ,QQQ US Equity,33.1235,52.8228,101,ok,pct(sum=99.9)
2026-03-31,NASDAQ,QQQ US Equity,30.2941,50.3363,101,ok,pct(sum=99.8)
2026-06-30,NASDAQ,QQQ US Equity,28.3014,61.0561,102,ok,pct(sum=99.7)
2016-06-30,Netherlands,EWN US Equity,48.6686,15.4488,55,ok,pct(sum=99.5)
2016-09-30,Netherlands,EWN US Equity,48.8137,16.0131,55,ok,pct(sum=99.9)
2016-12-31,Netherlands,EWN US Equity,49.682,16.7328,59,ok,pct(sum=99.9)
2017-03-31,Netherlands,EWN US Equity,49.5923,17.0597,59,ok,pct(sum=100.0)
2017-06-30,Netherlands,EWN US Equity,48.9959,16.9605,60,ok,pct(sum=100.1)
2017-09-30,Netherlands,EWN US Equity,49.3149,18.2743,59,ok,pct(sum=100.0)
2017-12-31,Netherlands,EWN US Equity,48.2731,18.8125,59,ok,pct(sum=100.0)
2018-03-31,Netherlands,EWN US Equity,48.8908,20.3627,58,ok,pct(sum=99.5)
2018-06-30,Netherlands,EWN US Equity,49.4598,21.341,59,ok,pct(sum=99.7)
2018-09-30,Netherlands,EWN US Equity,50.3548,19.536,58,ok,pct(sum=99.9)
2018-12-31,Netherlands,EWN US Equity,49.7765,18.7387,60,ok,pct(sum=99.9)
2019-03-31,Netherlands,EWN US Equity,49.6438,19.5173,61,ok,pct(sum=99.8)
2019-06-30,Netherlands,EWN US Equity,49.2303,20.7772,61,ok,pct(sum=99.8)
2019-09-30,Netherlands,EWN US Equity,49.8818,23.0918,60,ok,pct(sum=99.9)
2019-12-31,Netherlands,EWN US Equity,50.0105,25.2286,59,ok,pct(sum=99.9)
2020-03-31,Netherlands,EWN US Equity,53.4823,27.481,57,ok,pct(sum=99.9)
2020-06-30,Netherlands,EWN US Equity,52.6004,25.6501,56,ok,pct(sum=99.9)
2020-09-30,Netherlands,EWN US Equity,52.5447,24.6235,56,ok,pct(sum=99.9)
2020-12-31,Netherlands,EWN US Equity,48.2426,28.0369,56,ok,pct(sum=100.0)
2021-03-31,Netherlands,EWN US Equity,47.8765,26.4774,57,ok,pct(sum=99.9)
2021-06-30,Netherlands,EWN US Equity,48.5842,28.4945,58,ok,pct(sum=99.9)
2021-09-30,Netherlands,EWN US Equity,47.8947,24.7773,59,ok,pct(sum=99.9)
2021-12-31,Netherlands,EWN US Equity,47.5022,25.8006,60,ok,pct(sum=100.0)
2022-03-31,Netherlands,EWN US Equity,47.4011,29.0091,60,ok,pct(sum=99.9)
2022-06-30,Netherlands,EWN US Equity,46.6416,24.5114,57,ok,pct(sum=99.3)
2022-09-30,Netherlands,EWN US Equity,47.1354,26.085,57,ok,pct(sum=99.9)
2022-12-31,Netherlands,EWN US Equity,47.0416,24.2815,57,ok,pct(sum=99.9)
2023-03-31,Netherlands,EWN US Equity,47.9317,27.4362,58,ok,pct(sum=99.9)
2023-06-30,Netherlands,EWN US Equity,47.7322,27.6591,58,ok,pct(sum=99.8)
2023-09-30,Netherlands,EWN US Equity,46.7683,26.9503,56,ok,pct(sum=99.8)
2023-12-31,Netherlands,EWN US Equity,45.298,28.8015,54,ok,pct(sum=99.9)
2024-03-31,Netherlands,EWN US Equity,45.3385,27.7807,53,ok,pct(sum=99.9)
2024-06-30,Netherlands,EWN US Equity,47.7534,31.9244,52,ok,pct(sum=99.9)
2024-09-30,Netherlands,EWN US Equity,43.5927,25.4282,53,ok,pct(sum=99.9)
2024-12-31,Netherlands,EWN US Equity,47.0794,28.7551,54,ok,pct(sum=99.9)
2025-03-31,Netherlands,EWN US Equity,46.7787,25.0394,54,ok,pct(sum=99.9)
2025-06-30,Netherlands,EWN US Equity,47.6398,28.3004,53,ok,pct(sum=100.0)
2025-09-30,Netherlands,EWN US Equity,52.2445,31.3254,54,ok,pct(sum=100.0)
2025-12-31,Netherlands,EWN US Equity,46.7359,28.1516,54,ok,pct(sum=100.0)
2026-03-31,Netherlands,EWN US Equity,44.9981,31.1717,54,ok,pct(sum=99.0)
2026-06-30,Netherlands,EWN US Equity,50.8131,40.677,55,ok,pct(sum=100.0)
2016-06-30,Philippines,EPHE US Equity,37.6921,0.2344,45,ok,pct(sum=100.0)
2016-09-30,Philippines,EPHE US Equity,37.3336,0.2208,45,ok,pct(sum=100.0)
2016-12-31,Philippines,EPHE US Equity,38.2307,0.135,44,ok,pct(sum=100.0)
2017-03-31,Philippines,EPHE US Equity,39.3919,0.173,44,ok,pct(sum=100.0)
2017-06-30,Philippines,EPHE US Equity,39.9777,0.174,44,ok,pct(sum=100.0)
2017-09-30,Philippines,EPHE US Equity,41.157,0.1173,42,ok,pct(sum=100.0)
2017-12-31,Philippines,EPHE US Equity,42.7053,0.0,43,ok,pct(sum=100.0)
2018-03-31,Philippines,EPHE US Equity,41.0679,0.0,43,ok,pct(sum=99.6)
2018-06-30,Philippines,EPHE US Equity,44.8919,0.2619,44,ok,pct(sum=99.9)
2018-09-30,Philippines,EPHE US Equity,44.444,0.2344,44,ok,pct(sum=99.9)
2018-12-31,Philippines,EPHE US Equity,43.6538,0.1872,41,ok,pct(sum=99.9)
2019-03-31,Philippines,EPHE US Equity,42.5856,0.201,41,ok,pct(sum=99.7)
2019-06-30,Philippines,EPHE US Equity,43.0651,0.2213,41,ok,pct(sum=99.9)
2019-09-30,Philippines,EPHE US Equity,44.6579,0.1834,42,ok,pct(sum=99.9)
2019-12-31,Philippines,EPHE US Equity,46.4982,0.1814,41,ok,pct(sum=100.0)
2020-03-31,Philippines,EPHE US Equity,47.2992,0.0,40,ok,pct(sum=99.3)
2020-06-30,Philippines,EPHE US Equity,46.0189,0.0,41,ok,pct(sum=99.7)
2020-09-30,Philippines,EPHE US Equity,43.8672,0.0,39,ok,pct(sum=99.9)
2020-12-31,Philippines,EPHE US Equity,40.1955,0.0,38,ok,pct(sum=100.0)
2021-03-31,Philippines,EPHE US Equity,39.5946,0.0,39,ok,pct(sum=99.6)
2021-06-30,Philippines,EPHE US Equity,39.9831,0.0,39,ok,pct(sum=99.9)
2021-09-30,Philippines,EPHE US Equity,38.2886,0.0,39,ok,pct(sum=100.0)
2021-12-31,Philippines,EPHE US Equity,35.7876,0.0,42,ok,pct(sum=99.9)
2022-03-31,Philippines,EPHE US Equity,36.0176,0.0,42,ok,pct(sum=99.5)
2022-06-30,Philippines,EPHE US Equity,36.4512,0.0,45,ok,pct(sum=99.6)
2022-09-30,Philippines,EPHE US Equity,34.919,0.0,44,ok,pct(sum=99.7)
2022-12-31,Philippines,EPHE US Equity,37.1845,0.0,42,ok,pct(sum=100.0)
2023-03-31,Philippines,EPHE US Equity,36.4698,0.0,40,ok,pct(sum=99.5)
2023-06-30,Philippines,EPHE US Equity,36.3258,0.0,38,ok,pct(sum=99.9)
2023-09-30,Philippines,EPHE US Equity,39.6733,0.0,34,ok,pct(sum=97.4)
2023-12-31,Philippines,EPHE US Equity,39.8553,0.0,35,ok,pct(sum=99.9)
2024-03-31,Philippines,EPHE US Equity,40.6804,0.0,35,ok,pct(sum=99.7)
2024-06-30,Philippines,EPHE US Equity,40.6064,0.0,33,ok,pct(sum=99.9)
2024-09-30,Philippines,EPHE US Equity,40.2823,0.0,33,ok,pct(sum=100.0)
2024-12-31,Philippines,EPHE US Equity,39.9234,0.0,33,ok,pct(sum=99.9)
2025-03-31,Philippines,EPHE US Equity,45.6144,0.0,34,ok,pct(sum=99.0)
2025-06-30,Philippines,EPHE US Equity,44.4665,0.0,32,ok,pct(sum=99.9)
2025-09-30,Philippines,EPHE US Equity,41.1454,0.0,33,ok,pct(sum=99.9)
2025-12-31,Philippines,EPHE US Equity,43.4057,0.0,33,ok,pct(sum=99.9)
2026-03-31,Philippines,EPHE US Equity,44.026,0.0,35,ok,pct(sum=99.9)
2026-06-30,Philippines,EPHE US Equity,50.303,0.0,34,ok,pct(sum=100.0)
2016-06-30,Poland,EPOL US Equity,44.2298,2.2738,41,ok,pct(sum=100.0)
2016-09-30,Poland,EPOL US Equity,43.8731,2.3343,39,ok,pct(sum=100.0)
2016-12-31,Poland,EPOL US Equity,45.792,2.0148,38,ok,pct(sum=100.0)
2017-03-31,Poland,EPOL US Equity,43.6507,1.8115,38,ok,pct(sum=100.0)
2017-06-30,Poland,EPOL US Equity,46.4437,1.5394,38,ok,pct(sum=100.0)
2017-09-30,Poland,EPOL US Equity,45.8028,1.3698,38,ok,pct(sum=100.0)
2017-12-31,Poland,EPOL US Equity,46.8006,1.2758,40,ok,pct(sum=100.0)
2018-03-31,Poland,EPOL US Equity,46.843,1.4483,40,ok,pct(sum=100.0)
2018-06-30,Poland,EPOL US Equity,45.6504,1.347,40,ok,pct(sum=99.9)
2018-09-30,Poland,EPOL US Equity,46.4781,1.5038,39,ok,pct(sum=99.5)
2018-12-31,Poland,EPOL US Equity,48.2321,1.4767,38,ok,pct(sum=100.0)
2019-03-31,Poland,EPOL US Equity,45.6558,1.6359,38,ok,pct(sum=100.0)
2019-06-30,Poland,EPOL US Equity,47.524,1.662,35,ok,pct(sum=99.8)
2019-09-30,Poland,EPOL US Equity,48.6424,1.7356,35,ok,pct(sum=99.7)
2019-12-31,Poland,EPOL US Equity,46.31,2.1855,36,ok,pct(sum=99.9)
2020-03-31,Poland,EPOL US Equity,50.0126,2.207,36,ok,pct(sum=100.4)
2020-06-30,Poland,EPOL US Equity,46.9647,2.1276,36,ok,pct(sum=100.3)
2020-09-30,Poland,EPOL US Equity,44.537,2.3017,36,ok,pct(sum=100.3)
2020-12-31,Poland,EPOL US Equity,41.8453,2.0294,35,ok,pct(sum=100.0)
2021-03-31,Poland,EPOL US Equity,40.3534,1.9645,36,ok,pct(sum=100.5)
2021-06-30,Poland,EPOL US Equity,38.9085,2.5657,39,ok,pct(sum=100.3)
2021-09-30,Poland,EPOL US Equity,37.1726,2.5715,40,ok,pct(sum=99.8)
2021-12-31,Poland,EPOL US Equity,38.7049,2.5484,39,ok,pct(sum=100.6)
2022-03-31,Poland,EPOL US Equity,41.7397,2.4604,39,ok,pct(sum=100.7)
2022-06-30,Poland,EPOL US Equity,40.553,2.8393,36,ok,pct(sum=101.0)
2022-09-30,Poland,EPOL US Equity,43.1237,3.3583,35,ok,pct(sum=100.6)
2022-12-31,Poland,EPOL US Equity,47.3792,2.6787,35,ok,pct(sum=101.2)
2023-03-31,Poland,EPOL US Equity,45.7206,3.0355,34,ok,pct(sum=100.1)
2023-06-30,Poland,EPOL US Equity,44.6961,3.1242,33,ok,pct(sum=100.8)
2023-09-30,Poland,EPOL US Equity,44.0417,3.1499,33,ok,pct(sum=100.5)
2023-12-31,Poland,EPOL US Equity,46.4462,2.3709,32,ok,pct(sum=100.3)
2024-03-31,Poland,EPOL US Equity,48.8632,2.1742,33,ok,pct(sum=101.0)
2024-06-30,Poland,EPOL US Equity,47.4008,1.9907,33,ok,pct(sum=100.6)
2024-09-30,Poland,EPOL US Equity,44.2921,2.1206,34,ok,pct(sum=100.0)
2024-12-31,Poland,EPOL US Equity,45.7787,1.8356,33,ok,pct(sum=100.3)
2025-03-31,Poland,EPOL US Equity,46.1921,2.2541,33,ok,pct(sum=99.3)
2025-06-30,Poland,EPOL US Equity,46.2297,2.6035,33,ok,pct(sum=99.9)
2025-09-30,Poland,EPOL US Equity,44.684,2.615,33,ok,pct(sum=99.9)
2025-12-31,Poland,EPOL US Equity,48.267,2.6578,33,ok,pct(sum=100.3)
2026-03-31,Poland,EPOL US Equity,49.2751,1.8914,33,ok,pct(sum=99.9)
2026-06-30,Poland,EPOL US Equity,47.9907,1.716,32,ok,pct(sum=99.9)
2016-06-30,Saudi Arabia,KSA US Equity,49.5308,0.0,47,ok,pct(sum=100.0)
2016-09-30,Saudi Arabia,KSA US Equity,50.585,0.0,47,ok,pct(sum=100.0)
2016-12-31,Saudi Arabia,KSA US Equity,41.1207,0.0,70,ok,pct(sum=100.0)
2017-03-31,Saudi Arabia,KSA US Equity,42.4338,0.0,70,ok,pct(sum=100.0)
2017-06-30,Saudi Arabia,KSA US Equity,44.4183,0.0,72,ok,pct(sum=100.0)
2017-09-30,Saudi Arabia,KSA US Equity,43.4529,0.0,72,ok,pct(sum=100.0)
2017-12-31,Saudi Arabia,KSA US Equity,42.637,0.0,76,ok,pct(sum=100.0)
2018-03-31,Saudi Arabia,KSA US Equity,43.6842,0.0,76,ok,pct(sum=99.3)
2018-06-30,Saudi Arabia,KSA US Equity,46.2976,0.0,73,ok,pct(sum=100.5)
2018-09-30,Saudi Arabia,KSA US Equity,46.9149,0.0,73,ok,pct(sum=100.0)
2018-12-31,Saudi Arabia,KSA US Equity,47.6133,0.0,70,ok,pct(sum=100.1)
2019-03-31,Saudi Arabia,KSA US Equity,47.6476,0.0,70,ok,pct(sum=99.7)
2019-06-30,Saudi Arabia,KSA US Equity,46.2557,0.0,70,ok,pct(sum=99.9)
2019-09-30,Saudi Arabia,KSA US Equity,44.0119,0.0,71,ok,pct(sum=99.7)
2019-12-31,Saudi Arabia,KSA US Equity,41.5014,0.0,73,ok,pct(sum=100.0)
2020-03-31,Saudi Arabia,KSA US Equity,41.7792,0.0,73,ok,pct(sum=100.2)
2020-06-30,Saudi Arabia,KSA US Equity,43.5616,0.0,75,ok,pct(sum=99.9)
2020-09-30,Saudi Arabia,KSA US Equity,42.0089,0.0,74,ok,pct(sum=99.9)
2020-12-31,Saudi Arabia,KSA US Equity,42.4732,0.0,79,ok,pct(sum=100.0)
2021-03-31,Saudi Arabia,KSA US Equity,43.5377,0.0,80,ok,pct(sum=99.6)
2021-06-30,Saudi Arabia,KSA US Equity,45.6153,0.0804,84,ok,pct(sum=99.9)
2021-09-30,Saudi Arabia,KSA US Equity,45.5828,0.1024,84,ok,pct(sum=100.1)
2021-12-31,Saudi Arabia,KSA US Equity,46.5696,0.0941,87,ok,pct(sum=99.9)
2022-03-31,Saudi Arabia,KSA US Equity,45.6445,0.0801,88,ok,pct(sum=99.9)
2022-06-30,Saudi Arabia,KSA US Equity,45.1577,0.1225,98,ok,pct(sum=100.1)
2022-09-30,Saudi Arabia,KSA US Equity,43.6877,0.1926,98,ok,pct(sum=100.4)
2022-12-31,Saudi Arabia,KSA US Equity,42.4455,0.2389,107,ok,pct(sum=99.9)
2023-03-31,Saudi Arabia,KSA US Equity,41.016,0.6237,110,ok,pct(sum=99.3)
2023-06-30,Saudi Arabia,KSA US Equity,40.4442,0.7704,112,ok,pct(sum=99.9)
2023-09-30,Saudi Arabia,KSA US Equity,40.3295,1.3379,118,ok,pct(sum=99.7)
2023-12-31,Saudi Arabia,KSA US Equity,41.5014,1.3166,121,ok,pct(sum=100.0)
2024-03-31,Saudi Arabia,KSA US Equity,38.4877,1.6696,122,ok,pct(sum=99.7)
2024-06-30,Saudi Arabia,KSA US Equity,39.2308,1.5862,123,ok,pct(sum=99.9)
2024-09-30,Saudi Arabia,KSA US Equity,39.9913,2.8273,125,ok,pct(sum=100.0)
2024-12-31,Saudi Arabia,KSA US Equity,41.4878,2.6882,128,ok,pct(sum=100.8)
2025-03-31,Saudi Arabia,KSA US Equity,42.866,2.4113,127,ok,pct(sum=100.2)
2025-06-30,Saudi Arabia,KSA US Equity,42.4451,2.5201,131,ok,pct(sum=99.9)
2025-09-30,Saudi Arabia,KSA US Equity,43.7003,2.1502,131,ok,pct(sum=99.9)
2025-12-31,Saudi Arabia,KSA US Equity,44.5701,1.9379,126,ok,pct(sum=100.0)
2026-03-31,Saudi Arabia,KSA US Equity,43.8425,1.3552,123,ok,pct(sum=100.0)
2026-06-30,Saudi Arabia,KSA US Equity,43.4678,1.7116,117,ok,pct(sum=99.9)
2016-06-30,Singapore,EWS US Equity,53.4059,0.0,30,ok,pct(sum=99.3)
2016-09-30,Singapore,EWS US Equity,53.1169,0.0,29,ok,pct(sum=99.4)
2016-12-31,Singapore,EWS US Equity,48.8112,0.0,28,ok,pct(sum=99.2)
2017-03-31,Singapore,EWS US Equity,49.1966,0.0,28,ok,pct(sum=99.5)
2017-06-30,Singapore,EWS US Equity,49.4984,0.0,28,ok,pct(sum=99.6)
2017-09-30,Singapore,EWS US Equity,49.4954,0.0,29,ok,pct(sum=98.8)
2017-12-31,Singapore,EWS US Equity,49.3742,0.0,28,ok,pct(sum=99.6)
2018-03-31,Singapore,EWS US Equity,53.7192,0.0,27,ok,pct(sum=99.7)
2018-06-30,Singapore,EWS US Equity,,,,empty_after_filter,raw_rows=1
2018-09-30,Singapore,EWS US Equity,53.9704,2.4825,26,ok,pct(sum=99.4)
2018-12-31,Singapore,EWS US Equity,54.0126,2.1266,26,ok,pct(sum=99.8)
2019-03-31,Singapore,EWS US Equity,52.8987,2.5872,26,ok,pct(sum=99.9)
2019-06-30,Singapore,EWS US Equity,52.9374,2.2962,26,ok,pct(sum=99.6)
2019-09-30,Singapore,EWS US Equity,53.5124,2.2669,25,ok,pct(sum=99.4)
2019-12-31,Singapore,EWS US Equity,53.1828,2.3195,26,ok,pct(sum=99.7)
2020-03-31,Singapore,EWS US Equity,53.5776,2.5504,26,ok,pct(sum=100.0)
2020-06-30,Singapore,EWS US Equity,49.4257,3.2729,23,ok,pct(sum=99.3)
2020-09-30,Singapore,EWS US Equity,48.1911,4.0642,23,ok,pct(sum=99.3)
2020-12-31,Singapore,EWS US Equity,53.7398,3.5868,19,ok,pct(sum=100.0)
2021-03-31,Singapore,EWS US Equity,54.7882,3.3726,20,ok,pct(sum=99.8)
2021-06-30,Singapore,EWS US Equity,53.1787,3.3258,20,ok,pct(sum=99.3)
2021-09-30,Singapore,EWS US Equity,54.8005,3.0755,20,ok,pct(sum=99.9)
2021-12-31,Singapore,EWS US Equity,52.3789,3.2453,20,ok,pct(sum=99.8)
2022-03-31,Singapore,EWS US Equity,52.1777,2.8189,21,ok,pct(sum=99.8)
2022-06-30,Singapore,EWS US Equity,48.8456,3.0992,21,ok,pct(sum=99.9)
2022-09-30,Singapore,EWS US Equity,51.0713,2.9836,21,ok,pct(sum=99.8)
2022-12-31,Singapore,EWS US Equity,53.6038,2.6264,22,ok,pct(sum=99.9)
2023-03-31,Singapore,EWS US Equity,53.1219,2.6108,23,ok,pct(sum=99.9)
2023-06-30,Singapore,EWS US Equity,48.925,2.2669,23,ok,pct(sum=99.7)
2023-09-30,Singapore,EWS US Equity,54.8942,0.0,23,ok,pct(sum=99.7)
2023-12-31,Singapore,EWS US Equity,53.2315,0.0,23,ok,pct(sum=99.8)
2024-03-31,Singapore,EWS US Equity,56.1715,0.0,22,ok,pct(sum=99.8)
2024-06-30,Singapore,EWS US Equity,56.0509,0.0,17,ok,pct(sum=99.9)
2024-09-30,Singapore,EWS US Equity,54.9959,0.0,17,ok,pct(sum=99.8)
2024-12-31,Singapore,EWS US Equity,54.4021,0.0,18,ok,pct(sum=99.9)
2025-03-31,Singapore,EWS US Equity,53.8331,0.0,18,ok,pct(sum=99.8)
2025-06-30,Singapore,EWS US Equity,53.8043,0.0,17,ok,pct(sum=100.0)
2025-09-30,Singapore,EWS US Equity,54.5965,0.0,17,ok,pct(sum=100.0)
2025-12-31,Singapore,EWS US Equity,55.327,0.0,16,ok,pct(sum=100.0)
2026-03-31,Singapore,EWS US Equity,56.849,0.0,17,ok,pct(sum=99.5)
2026-06-30,Singapore,EWS US Equity,57.6696,0.0,16,ok,pct(sum=100.0)
2016-06-30,South Africa,EZA US Equity,46.0061,0.0,56,ok,pct(sum=100.0)
2016-09-30,South Africa,EZA US Equity,45.409,0.0,56,ok,pct(sum=100.0)
2016-12-31,South Africa,EZA US Equity,44.9554,0.0,56,ok,pct(sum=100.0)
2017-03-31,South Africa,EZA US Equity,46.5136,0.0,56,ok,pct(sum=100.0)
2017-06-30,South Africa,EZA US Equity,44.0129,0.0,54,ok,pct(sum=100.0)
2017-09-30,South Africa,EZA US Equity,41.8392,0.0,54,ok,pct(sum=100.0)
2017-12-31,South Africa,EZA US Equity,40.9287,0.0,52,ok,pct(sum=100.0)
2018-03-31,South Africa,EZA US Equity,42.1109,0.0,53,ok,pct(sum=99.8)
2018-06-30,South Africa,EZA US Equity,43.1248,0.0,56,ok,pct(sum=99.9)
2018-09-30,South Africa,EZA US Equity,42.0659,0.0,52,ok,pct(sum=99.8)
2018-12-31,South Africa,EZA US Equity,42.8915,0.0,49,ok,pct(sum=100.0)
2019-03-31,South Africa,EZA US Equity,43.7146,0.0,50,ok,pct(sum=99.7)
2019-06-30,South Africa,EZA US Equity,42.0753,0.0,48,ok,pct(sum=100.0)
2019-09-30,South Africa,EZA US Equity,34.4925,0.0,48,ok,pct(sum=99.8)
2019-12-31,South Africa,EZA US Equity,40.6832,0.0,50,ok,pct(sum=100.0)
2020-03-31,South Africa,EZA US Equity,45.7378,0.0,49,ok,pct(sum=99.8)
2020-06-30,South Africa,EZA US Equity,41.1583,0.0,42,ok,pct(sum=99.7)
2020-09-30,South Africa,EZA US Equity,43.2228,0.0,40,ok,pct(sum=99.7)
2020-12-31,South Africa,EZA US Equity,40.2056,0.0,37,ok,pct(sum=100.0)
2021-03-31,South Africa,EZA US Equity,40.6118,0.0,38,ok,pct(sum=99.9)
2021-06-30,South Africa,EZA US Equity,41.4096,0.0,38,ok,pct(sum=99.8)
2021-09-30,South Africa,EZA US Equity,38.7097,0.0,38,ok,pct(sum=99.6)
2021-12-31,South Africa,EZA US Equity,37.7342,0.0,39,ok,pct(sum=99.9)
2022-03-31,South Africa,EZA US Equity,34.2041,0.0,40,ok,pct(sum=99.7)
2022-06-30,South Africa,EZA US Equity,39.7197,0.0,37,ok,pct(sum=99.8)
2022-09-30,South Africa,EZA US Equity,38.4481,0.0,37,ok,pct(sum=99.7)
2022-12-31,South Africa,EZA US Equity,39.537,0.0,37,ok,pct(sum=99.9)
2023-03-31,South Africa,EZA US Equity,39.3141,0.0,39,ok,pct(sum=99.5)
2023-06-30,South Africa,EZA US Equity,42.5092,0.0,38,ok,pct(sum=99.9)
2023-09-30,South Africa,EZA US Equity,40.9014,0.0,35,ok,pct(sum=99.5)
2023-12-31,South Africa,EZA US Equity,42.3041,0.0,33,ok,pct(sum=100.0)
2024-03-31,South Africa,EZA US Equity,42.7141,0.0,33,ok,pct(sum=99.5)
2024-06-30,South Africa,EZA US Equity,44.0895,0.0,33,ok,pct(sum=100.0)
2024-09-30,South Africa,EZA US Equity,45.2583,0.0,33,ok,pct(sum=99.7)
2024-12-31,South Africa,EZA US Equity,44.3376,0.0,32,ok,pct(sum=100.0)
2025-03-31,South Africa,EZA US Equity,45.2387,0.0,30,ok,pct(sum=99.5)
2025-06-30,South Africa,EZA US Equity,44.3909,0.0,29,ok,pct(sum=100.0)
2025-09-30,South Africa,EZA US Equity,48.3187,0.0,28,ok,pct(sum=100.0)
2025-12-31,South Africa,EZA US Equity,45.8622,0.0,27,ok,pct(sum=100.0)
2026-03-31,South Africa,EZA US Equity,45.1861,0.0,27,ok,pct(sum=100.0)
2026-06-30,South Africa,EZA US Equity,44.5462,0.0,27,ok,pct(sum=100.0)
2016-06-30,Spain,EWP US Equity,43.7046,0.0,29,ok,pct(sum=99.6)
2016-09-30,Spain,EWP US Equity,44.8893,0.0,26,ok,pct(sum=99.9)
2016-12-31,Spain,EWP US Equity,50.2438,0.0,27,ok,pct(sum=99.8)
2017-03-31,Spain,EWP US Equity,50.2163,0.0,26,ok,pct(sum=99.9)
2017-06-30,Spain,EWP US Equity,49.8733,0.0,27,ok,pct(sum=99.7)
2017-09-30,Spain,EWP US Equity,49.5962,0.0,25,ok,pct(sum=99.7)
2017-12-31,Spain,EWP US Equity,48.5946,0.0,25,ok,pct(sum=99.6)
2018-03-31,Spain,EWP US Equity,48.872,0.0,24,ok,pct(sum=99.9)
2018-06-30,Spain,EWP US Equity,47.2577,0.0,26,ok,pct(sum=99.7)
2018-09-30,Spain,EWP US Equity,48.1327,0.0,24,ok,pct(sum=99.8)
2018-12-31,Spain,EWP US Equity,48.542,0.0,25,ok,pct(sum=99.8)
2019-03-31,Spain,EWP US Equity,48.6968,0.0,23,ok,pct(sum=99.8)
2019-06-30,Spain,EWP US Equity,48.4458,0.0,26,ok,pct(sum=99.6)
2019-09-30,Spain,EWP US Equity,48.1968,0.0,23,ok,pct(sum=99.9)
2019-12-31,Spain,EWP US Equity,47.388,0.0,25,ok,pct(sum=99.7)
2020-03-31,Spain,EWP US Equity,49.3381,0.0,23,ok,pct(sum=99.8)
2020-06-30,Spain,EWP US Equity,50.52,0.0,24,ok,pct(sum=99.7)
2020-09-30,Spain,EWP US Equity,53.2022,0.0,21,ok,pct(sum=99.9)
2020-12-31,Spain,EWP US Equity,55.7492,0.0,18,ok,pct(sum=100.0)
2021-03-31,Spain,EWP US Equity,53.0978,0.0,19,ok,pct(sum=99.6)
2021-06-30,Spain,EWP US Equity,53.7148,0.0,20,ok,pct(sum=99.5)
2021-09-30,Spain,EWP US Equity,54.2483,0.0,19,ok,pct(sum=100.3)
2021-12-31,Spain,EWP US Equity,53.8647,0.0,19,ok,pct(sum=100.4)
2022-03-31,Spain,EWP US Equity,53.6923,0.0,19,ok,pct(sum=100.5)
2022-06-30,Spain,EWP US Equity,52.2908,0.0,20,ok,pct(sum=100.3)
2022-09-30,Spain,EWP US Equity,55.78,0.0,20,ok,pct(sum=100.5)
2022-12-31,Spain,EWP US Equity,57.1654,0.0,20,ok,pct(sum=100.3)
2023-03-31,Spain,EWP US Equity,54.1653,0.0,20,ok,pct(sum=99.9)
2023-06-30,Spain,EWP US Equity,55.4957,0.0,20,ok,pct(sum=100.0)
2023-09-30,Spain,EWP US Equity,54.9115,0.0,20,ok,pct(sum=100.3)
2023-12-31,Spain,EWP US Equity,54.5564,0.0,20,ok,pct(sum=100.1)
2024-03-31,Spain,EWP US Equity,56.606,0.0,18,ok,pct(sum=99.8)
2024-06-30,Spain,EWP US Equity,53.875,0.0,18,ok,pct(sum=99.8)
2024-09-30,Spain,EWP US Equity,54.8622,0.0,18,ok,pct(sum=99.7)
2024-12-31,Spain,EWP US Equity,53.9597,0.0,18,ok,pct(sum=99.7)
2025-03-31,Spain,EWP US Equity,55.3041,0.0,18,ok,pct(sum=99.6)
2025-06-30,Spain,EWP US Equity,54.1422,0.0,20,ok,pct(sum=100.0)
2025-09-30,Spain,EWP US Equity,55.1189,0.0,19,ok,pct(sum=100.0)
2025-12-31,Spain,EWP US Equity,55.3701,0.0,21,ok,pct(sum=100.0)
2026-03-31,Spain,EWP US Equity,54.2172,1.161,22,ok,pct(sum=100.0)
2026-06-30,Spain,EWP US Equity,56.4673,1.1269,22,ok,pct(sum=99.9)
2016-06-30,Sweden,EWD US Equity,35.2577,10.019,31,ok,pct(sum=99.7)
2016-09-30,Sweden,EWD US Equity,34.3973,9.5961,31,ok,pct(sum=99.7)
2016-12-31,Sweden,EWD US Equity,33.9116,7.7839,32,ok,pct(sum=99.9)
2017-03-31,Sweden,EWD US Equity,32.6222,7.5795,32,ok,pct(sum=99.1)
2017-06-30,Sweden,EWD US Equity,33.6234,7.7743,32,ok,pct(sum=99.5)
2017-09-30,Sweden,EWD US Equity,34.617,6.9275,33,ok,pct(sum=99.4)
2017-12-31,Sweden,EWD US Equity,33.3283,8.0041,32,ok,pct(sum=99.4)
2018-03-31,Sweden,EWD US Equity,32.296,8.4727,32,ok,pct(sum=98.2)
2018-06-30,Sweden,EWD US Equity,30.769,11.0873,32,ok,pct(sum=98.4)
2018-09-30,Sweden,EWD US Equity,31.8378,10.6042,33,ok,pct(sum=98.5)
2018-12-31,Sweden,EWD US Equity,31.7479,11.2473,33,ok,pct(sum=98.2)
2019-03-31,Sweden,EWD US Equity,30.9534,11.2886,33,ok,pct(sum=97.0)
2019-06-30,Sweden,EWD US Equity,30.9582,11.5119,33,ok,pct(sum=98.3)
2019-09-30,Sweden,EWD US Equity,30.6854,10.2682,33,ok,pct(sum=98.2)
2019-12-31,Sweden,EWD US Equity,31.5593,10.2297,33,ok,pct(sum=98.0)
2020-03-31,Sweden,EWD US Equity,32.7338,11.3831,33,ok,pct(sum=97.6)
2020-06-30,Sweden,EWD US Equity,30.2251,10.6431,37,ok,pct(sum=97.0)
2020-09-30,Sweden,EWD US Equity,31.4013,11.5478,37,ok,pct(sum=97.9)
2020-12-31,Sweden,EWD US Equity,30.8382,11.3871,38,ok,pct(sum=100.0)
2021-03-31,Sweden,EWD US Equity,30.8594,10.7958,39,ok,pct(sum=98.1)
2021-06-30,Sweden,EWD US Equity,29.3171,11.4602,43,ok,pct(sum=98.3)
2021-09-30,Sweden,EWD US Equity,29.7813,11.6924,42,ok,pct(sum=98.6)
2021-12-31,Sweden,EWD US Equity,28.3825,10.0892,45,ok,pct(sum=99.8)
2022-03-31,Sweden,EWD US Equity,28.1127,9.9853,45,ok,pct(sum=99.6)
2022-06-30,Sweden,EWD US Equity,27.6871,9.379,48,ok,pct(sum=99.8)
2022-09-30,Sweden,EWD US Equity,28.5794,8.3332,48,ok,pct(sum=99.3)
2022-12-31,Sweden,EWD US Equity,30.7188,7.6849,46,ok,pct(sum=99.4)
2023-03-31,Sweden,EWD US Equity,29.887,7.2998,46,ok,pct(sum=98.1)
2023-06-30,Sweden,EWD US Equity,31.7046,7.6205,47,ok,pct(sum=98.9)
2023-09-30,Sweden,EWD US Equity,33.1284,6.7579,44,ok,pct(sum=98.8)
2023-12-31,Sweden,EWD US Equity,33.4322,8.0637,43,ok,pct(sum=98.7)
2024-03-31,Sweden,EWD US Equity,33.6097,7.4123,43,ok,pct(sum=95.2)
2024-06-30,Sweden,EWD US Equity,34.8157,7.3714,44,ok,pct(sum=97.1)
2024-09-30,Sweden,EWD US Equity,34.0718,7.1034,45,ok,pct(sum=96.4)
2024-12-31,Sweden,EWD US Equity,37.5469,7.1234,44,ok,pct(sum=96.2)
2025-03-31,Sweden,EWD US Equity,40.0472,6.8898,42,ok,pct(sum=99.5)
2025-06-30,Sweden,EWD US Equity,41.8462,6.4773,41,ok,pct(sum=100.0)
2025-09-30,Sweden,EWD US Equity,40.4477,6.7594,41,ok,pct(sum=100.0)
2025-12-31,Sweden,EWD US Equity,38.908,6.8681,41,ok,pct(sum=100.0)
2026-03-31,Sweden,EWD US Equity,38.5534,6.983,42,ok,pct(sum=99.5)
2026-06-30,Sweden,EWD US Equity,38.9884,6.7959,43,ok,pct(sum=100.3)
2016-06-30,Switzerland,EWL US Equity,54.2284,0.0,39,ok,pct(sum=98.8)
2016-09-30,Switzerland,EWL US Equity,52.3798,0.0,39,ok,pct(sum=98.8)
2016-12-31,Switzerland,EWL US Equity,53.2654,0.0,39,ok,pct(sum=98.8)
2017-03-31,Switzerland,EWL US Equity,52.7909,0.0,39,ok,pct(sum=98.4)
2017-06-30,Switzerland,EWL US Equity,54.6666,0.0,37,ok,pct(sum=98.5)
2017-09-30,Switzerland,EWL US Equity,52.1867,0.0,37,ok,pct(sum=97.7)
2017-12-31,Switzerland,EWL US Equity,53.0977,0.0,38,ok,pct(sum=99.7)
2018-03-31,Switzerland,EWL US Equity,53.7111,0.0,38,ok,pct(sum=99.2)
2018-06-30,Switzerland,EWL US Equity,54.0412,0.3317,39,ok,pct(sum=99.0)
2018-09-30,Switzerland,EWL US Equity,53.5264,1.0056,39,ok,pct(sum=99.0)
2018-12-31,Switzerland,EWL US Equity,53.7888,0.9724,39,ok,pct(sum=99.0)
2019-03-31,Switzerland,EWL US Equity,53.7392,1.0699,39,ok,pct(sum=98.8)
2019-06-30,Switzerland,EWL US Equity,52.6602,1.155,40,ok,pct(sum=98.7)
2019-09-30,Switzerland,EWL US Equity,52.0943,1.1732,40,ok,pct(sum=99.2)
2019-12-31,Switzerland,EWL US Equity,52.9302,1.005,40,ok,pct(sum=99.5)
2020-03-31,Switzerland,EWL US Equity,56.0207,0.9635,40,ok,pct(sum=99.3)
2020-06-30,Switzerland,EWL US Equity,50.4086,2.3022,40,ok,pct(sum=99.5)
2020-09-30,Switzerland,EWL US Equity,52.5911,2.0671,40,ok,pct(sum=99.5)
2020-12-31,Switzerland,EWL US Equity,52.8092,2.0983,39,ok,pct(sum=99.9)
2021-03-31,Switzerland,EWL US Equity,52.3666,2.1109,41,ok,pct(sum=99.1)
2021-06-30,Switzerland,EWL US Equity,52.4691,2.1773,41,ok,pct(sum=99.3)
2021-09-30,Switzerland,EWL US Equity,52.1134,1.7545,41,ok,pct(sum=99.3)
2021-12-31,Switzerland,EWL US Equity,53.1777,1.5171,42,ok,pct(sum=99.4)
2022-03-31,Switzerland,EWL US Equity,54.6313,1.3161,42,ok,pct(sum=99.3)
2022-06-30,Switzerland,EWL US Equity,54.4621,1.3369,42,ok,pct(sum=99.2)
2022-09-30,Switzerland,EWL US Equity,54.7331,1.3354,42,ok,pct(sum=99.0)
2022-12-31,Switzerland,EWL US Equity,53.8387,1.3169,44,ok,pct(sum=99.1)
2023-03-31,Switzerland,EWL US Equity,53.6132,1.1879,44,ok,pct(sum=98.5)
2023-06-30,Switzerland,EWL US Equity,52.4642,1.2373,45,ok,pct(sum=99.0)
2023-09-30,Switzerland,EWL US Equity,53.9423,1.3451,45,ok,pct(sum=98.9)
2023-12-31,Switzerland,EWL US Equity,51.7834,1.5799,46,ok,pct(sum=99.0)
2024-03-31,Switzerland,EWL US Equity,49.3619,1.4254,46,ok,pct(sum=98.5)
2024-06-30,Switzerland,EWL US Equity,50.6073,1.4733,46,ok,pct(sum=98.6)
2024-09-30,Switzerland,EWL US Equity,49.8346,1.2247,47,ok,pct(sum=98.6)
2024-12-31,Switzerland,EWL US Equity,48.0948,1.3378,46,ok,pct(sum=98.5)
2025-03-31,Switzerland,EWL US Equity,49.9506,1.2619,43,ok,pct(sum=97.9)
2025-06-30,Switzerland,EWL US Equity,48.937,1.2472,43,ok,pct(sum=100.1)
2025-09-30,Switzerland,EWL US Equity,50.2408,1.0742,43,ok,pct(sum=100.0)
2025-12-31,Switzerland,EWL US Equity,50.9372,0.9599,40,ok,pct(sum=100.0)
2026-03-31,Switzerland,EWL US Equity,51.528,0.8992,40,ok,pct(sum=100.0)
2026-06-30,Switzerland,EWL US Equity,49.2787,0.9325,40,ok,pct(sum=100.0)
2016-06-30,Taiwan,EWT US Equity,40.8222,56.5513,92,ok,pct(sum=100.0)
2016-09-30,Taiwan,EWT US Equity,41.0476,57.419,92,ok,pct(sum=100.0)
2016-12-31,Taiwan,EWT US Equity,38.8537,54.5193,90,ok,pct(sum=100.0)
2017-03-31,Taiwan,EWT US Equity,39.0324,55.1884,90,ok,pct(sum=100.0)
2017-06-30,Taiwan,EWT US Equity,39.815,56.5458,91,ok,pct(sum=100.0)
2017-09-30,Taiwan,EWT US Equity,40.7159,57.0796,91,ok,pct(sum=100.0)
2017-12-31,Taiwan,EWT US Equity,37.8822,55.8246,92,ok,pct(sum=100.0)
2018-03-31,Taiwan,EWT US Equity,38.1567,56.1604,92,ok,pct(sum=100.0)
2018-06-30,Taiwan,EWT US Equity,36.6449,54.7724,91,ok,pct(sum=99.2)
2018-09-30,Taiwan,EWT US Equity,38.249,54.1653,91,ok,pct(sum=99.9)
2018-12-31,Taiwan,EWT US Equity,36.4036,52.1544,88,ok,pct(sum=100.0)
2019-03-31,Taiwan,EWT US Equity,36.0688,53.1548,89,ok,pct(sum=100.0)
2019-06-30,Taiwan,EWT US Equity,34.64,50.8204,89,ok,pct(sum=99.3)
2019-09-30,Taiwan,EWT US Equity,36.4026,53.4838,89,ok,pct(sum=99.8)
2019-12-31,Taiwan,EWT US Equity,37.0532,56.1104,89,ok,pct(sum=99.6)
2020-03-31,Taiwan,EWT US Equity,36.2834,55.5855,90,ok,pct(sum=99.9)
2020-06-30,Taiwan,EWT US Equity,36.7133,57.045,90,ok,pct(sum=99.6)
2020-09-30,Taiwan,EWT US Equity,36.1768,59.3173,88,ok,pct(sum=99.6)
2020-12-31,Taiwan,EWT US Equity,36.3033,61.5386,87,ok,pct(sum=100.0)
2021-03-31,Taiwan,EWT US Equity,35.2272,62.4126,89,ok,pct(sum=100.0)
2021-06-30,Taiwan,EWT US Equity,35.1797,59.9991,88,ok,pct(sum=99.7)
2021-09-30,Taiwan,EWT US Equity,36.0707,59.5288,90,ok,pct(sum=99.5)
2021-12-31,Taiwan,EWT US Equity,35.9378,60.4354,89,ok,pct(sum=99.7)
2022-03-31,Taiwan,EWT US Equity,34.1597,57.478,87,ok,pct(sum=99.8)
2022-06-30,Taiwan,EWT US Equity,34.6188,55.281,89,ok,pct(sum=98.6)
2022-09-30,Taiwan,EWT US Equity,34.0278,55.8612,89,ok,pct(sum=99.6)
2022-12-31,Taiwan,EWT US Equity,34.3613,55.7644,90,ok,pct(sum=99.9)
2023-03-31,Taiwan,EWT US Equity,35.6938,58.9418,90,ok,pct(sum=99.8)
2023-06-30,Taiwan,EWT US Equity,35.7376,60.1932,90,ok,pct(sum=99.1)
2023-09-30,Taiwan,EWT US Equity,35.0777,60.6866,92,ok,pct(sum=99.4)
2023-12-31,Taiwan,EWT US Equity,34.8509,62.7562,92,ok,pct(sum=99.4)
2024-03-31,Taiwan,EWT US Equity,38.6661,65.2673,91,ok,pct(sum=99.8)
2024-06-30,Taiwan,EWT US Equity,40.1299,65.7586,90,ok,pct(sum=99.6)
2024-09-30,Taiwan,EWT US Equity,37.1089,62.2053,89,ok,pct(sum=99.6)
2024-12-31,Taiwan,EWT US Equity,38.748,64.4441,90,ok,pct(sum=99.8)
2025-03-31,Taiwan,EWT US Equity,35.8007,61.4873,90,ok,pct(sum=99.7)
2025-06-30,Taiwan,EWT US Equity,37.7645,64.2726,90,ok,pct(sum=99.8)
2025-09-30,Taiwan,EWT US Equity,39.8572,67.6437,89,ok,pct(sum=100.0)
2025-12-31,Taiwan,EWT US Equity,37.892,67.0,88,ok,pct(sum=100.0)
2026-03-31,Taiwan,EWT US Equity,36.9856,69.7276,85,ok,pct(sum=100.1)
2026-06-30,Taiwan,EWT US Equity,38.7084,75.7087,79,ok,pct(sum=99.9)
2016-06-30,Thailand,THD US Equity,30.233,2.3168,123,ok,pct(sum=100.0)
2016-09-30,Thailand,THD US Equity,32.012,2.5154,124,ok,pct(sum=100.0)
2016-12-31,Thailand,THD US Equity,31.9751,2.6402,122,ok,pct(sum=100.0)
2017-03-31,Thailand,THD US Equity,32.1312,2.6746,121,ok,pct(sum=100.0)
2017-06-30,Thailand,THD US Equity,32.4979,2.5964,127,ok,pct(sum=100.0)
2017-09-30,Thailand,THD US Equity,32.8457,2.3469,127,ok,pct(sum=100.0)
2017-12-31,Thailand,THD US Equity,33.7457,1.9206,124,ok,pct(sum=100.0)
2018-03-31,Thailand,THD US Equity,34.7315,1.5297,124,ok,pct(sum=99.4)
2018-06-30,Thailand,THD US Equity,35.0444,1.5944,120,ok,pct(sum=100.3)
2018-09-30,Thailand,THD US Equity,33.3187,1.6703,119,ok,pct(sum=100.2)
2018-12-31,Thailand,THD US Equity,33.9668,1.5254,122,ok,pct(sum=99.9)
2019-03-31,Thailand,THD US Equity,33.8696,1.4197,119,ok,pct(sum=99.2)
2019-06-30,Thailand,THD US Equity,32.5634,0.4721,119,ok,pct(sum=100.0)
2019-09-30,Thailand,THD US Equity,33.1496,0.5037,116,ok,pct(sum=99.9)
2019-12-31,Thailand,THD US Equity,32.3366,0.6868,125,ok,pct(sum=100.0)
2020-03-31,Thailand,THD US Equity,34.8296,0.5749,126,ok,pct(sum=98.9)
2020-06-30,Thailand,THD US Equity,33.2742,0.7158,111,ok,pct(sum=100.0)
2020-09-30,Thailand,THD US Equity,33.0137,1.1615,111,ok,pct(sum=100.0)
2020-12-31,Thailand,THD US Equity,30.4659,4.1243,117,ok,pct(sum=100.0)
2021-03-31,Thailand,THD US Equity,28.4685,3.1305,119,ok,pct(sum=99.2)
2021-06-30,Thailand,THD US Equity,27.4204,5.3399,127,ok,pct(sum=100.0)
2021-09-30,Thailand,THD US Equity,27.8571,4.9771,127,ok,pct(sum=99.7)
2021-12-31,Thailand,THD US Equity,26.874,4.9594,127,ok,pct(sum=100.0)
2022-03-31,Thailand,THD US Equity,27.2841,4.0008,126,ok,pct(sum=99.1)
2022-06-30,Thailand,THD US Equity,26.9891,3.8414,134,ok,pct(sum=99.8)
2022-09-30,Thailand,THD US Equity,25.9605,5.1722,135,ok,pct(sum=99.5)
2022-12-31,Thailand,THD US Equity,25.6665,5.8551,135,ok,pct(sum=99.8)
2023-03-31,Thailand,THD US Equity,26.75,7.3449,139,ok,pct(sum=99.2)
2023-06-30,Thailand,THD US Equity,27.7217,6.493,141,ok,pct(sum=100.0)
2023-09-30,Thailand,THD US Equity,27.5972,7.5564,142,ok,pct(sum=99.8)
2023-12-31,Thailand,THD US Equity,27.5352,6.8591,133,ok,pct(sum=99.7)
2024-03-31,Thailand,THD US Equity,27.6174,5.761,134,ok,pct(sum=99.0)
2024-06-30,Thailand,THD US Equity,28.95,6.8417,127,ok,pct(sum=100.0)
2024-09-30,Thailand,THD US Equity,30.4174,7.2915,112,ok,pct(sum=100.0)
2024-12-31,Thailand,THD US Equity,33.2591,10.5701,110,ok,pct(sum=99.9)
2025-03-31,Thailand,THD US Equity,32.6639,5.9156,101,ok,pct(sum=99.0)
2025-06-30,Thailand,THD US Equity,36.2276,9.0282,90,ok,pct(sum=100.0)
2025-09-30,Thailand,THD US Equity,36.8384,12.3267,87,ok,pct(sum=99.8)
2025-12-31,Thailand,THD US Equity,38.3754,13.239,83,ok,pct(sum=100.0)
2026-03-31,Thailand,THD US Equity,40.6875,17.0058,81,ok,pct(sum=99.9)
2026-06-30,Thailand,THD US Equity,41.9594,20.5329,82,ok,pct(sum=100.0)
2016-06-30,Turkey,TUR US Equity,39.114,0.0,70,ok,pct(sum=100.0)
2016-09-30,Turkey,TUR US Equity,38.3296,0.0,70,ok,pct(sum=100.0)
2016-12-31,Turkey,TUR US Equity,37.2732,0.0,69,ok,pct(sum=100.0)
2017-03-31,Turkey,TUR US Equity,38.0577,0.0,69,ok,pct(sum=100.0)
2017-06-30,Turkey,TUR US Equity,37.2152,0.3969,65,ok,pct(sum=100.0)
2017-09-30,Turkey,TUR US Equity,38.0548,0.3572,65,ok,pct(sum=100.0)
2017-12-31,Turkey,TUR US Equity,36.7717,0.3408,69,ok,pct(sum=100.0)
2018-03-31,Turkey,TUR US Equity,35.316,0.2778,69,ok,pct(sum=98.9)
2018-06-30,Turkey,TUR US Equity,35.4193,0.3126,63,ok,pct(sum=100.0)
2018-09-30,Turkey,TUR US Equity,36.2201,0.2482,63,ok,pct(sum=100.0)
2018-12-31,Turkey,TUR US Equity,39.959,0.0,54,ok,pct(sum=100.0)
2019-03-31,Turkey,TUR US Equity,39.7867,0.0,54,ok,pct(sum=99.1)
2019-06-30,Turkey,TUR US Equity,39.0406,0.0,48,ok,pct(sum=99.9)
2019-09-30,Turkey,TUR US Equity,40.6436,0.0,48,ok,pct(sum=100.0)
2019-12-31,Turkey,TUR US Equity,39.0301,0.0,44,ok,pct(sum=100.0)
2020-03-31,Turkey,TUR US Equity,39.7748,0.0,44,ok,pct(sum=99.9)
2020-06-30,Turkey,TUR US Equity,38.4961,0.0,43,ok,pct(sum=100.0)
2020-09-30,Turkey,TUR US Equity,38.1451,0.0,42,ok,pct(sum=99.8)
2020-12-31,Turkey,TUR US Equity,34.3765,0.0,50,ok,pct(sum=100.0)
2021-03-31,Turkey,TUR US Equity,30.8814,0.0,52,ok,pct(sum=99.8)
2021-06-30,Turkey,TUR US Equity,33.6152,0.0,51,ok,pct(sum=99.9)
2021-09-30,Turkey,TUR US Equity,31.4352,0.0,51,ok,pct(sum=99.9)
2021-12-31,Turkey,TUR US Equity,31.486,0.0,50,ok,pct(sum=100.0)
2022-03-31,Turkey,TUR US Equity,33.1369,0.0,48,ok,pct(sum=99.7)
2022-06-30,Turkey,TUR US Equity,31.6253,0.934,48,ok,pct(sum=99.7)
2022-09-30,Turkey,TUR US Equity,29.2711,0.7466,48,ok,pct(sum=99.9)
2022-12-31,Turkey,TUR US Equity,26.5196,0.8533,55,ok,pct(sum=99.9)
2023-03-31,Turkey,TUR US Equity,28.4892,0.48,63,ok,pct(sum=99.5)
2023-06-30,Turkey,TUR US Equity,29.0769,0.2756,71,ok,pct(sum=100.1)
2023-09-30,Turkey,TUR US Equity,29.9192,0.652,75,ok,pct(sum=100.0)
2023-12-31,Turkey,TUR US Equity,30.9026,0.846,91,ok,pct(sum=100.0)
2024-03-31,Turkey,TUR US Equity,31.1028,1.0657,98,ok,pct(sum=99.8)
2024-06-30,Turkey,TUR US Equity,30.2616,0.9413,97,ok,pct(sum=100.0)
2024-09-30,Turkey,TUR US Equity,30.2594,0.7501,95,ok,pct(sum=99.6)
2024-12-31,Turkey,TUR US Equity,29.5116,0.6608,87,ok,pct(sum=100.0)
2025-03-31,Turkey,TUR US Equity,29.3504,0.5018,84,ok,pct(sum=99.5)
2025-06-30,Turkey,TUR US Equity,31.7398,0.3766,90,ok,pct(sum=100.0)
2025-09-30,Turkey,TUR US Equity,32.4899,0.0,83,ok,pct(sum=100.0)
2025-12-31,Turkey,TUR US Equity,32.2722,0.0,77,ok,pct(sum=99.9)
2026-03-31,Turkey,TUR US Equity,34.544,0.0,78,ok,pct(sum=99.8)
2026-06-30,Turkey,TUR US Equity,37.2832,1.1451,73,ok,pct(sum=99.9)
2016-06-30,U.K.,EWU US Equity,24.7264,0.4024,115,ok,pct(sum=99.3)
2016-09-30,U.K.,EWU US Equity,25.1022,0.4422,113,ok,pct(sum=99.7)
2016-12-31,U.K.,EWU US Equity,27.1973,0.3861,112,ok,pct(sum=99.0)
2017-03-31,U.K.,EWU US Equity,25.7426,0.3598,111,ok,pct(sum=98.3)
2017-06-30,U.K.,EWU US Equity,26.3805,0.3968,109,ok,pct(sum=98.6)
2017-09-30,U.K.,EWU US Equity,27.9778,0.395,106,ok,pct(sum=98.8)
2017-12-31,U.K.,EWU US Equity,29.1511,0.4348,102,ok,pct(sum=99.4)
2018-03-31,U.K.,EWU US Equity,28.0283,0.3793,101,ok,pct(sum=99.0)
2018-06-30,U.K.,EWU US Equity,28.4376,0.3417,104,ok,pct(sum=99.3)
2018-09-30,U.K.,EWU US Equity,28.3762,0.3618,101,ok,pct(sum=99.3)
2018-12-31,U.K.,EWU US Equity,30.6735,0.4039,97,ok,pct(sum=99.5)
2019-03-31,U.K.,EWU US Equity,29.3118,0.432,99,ok,pct(sum=99.0)
2019-06-30,U.K.,EWU US Equity,29.6122,1.0056,95,ok,pct(sum=99.2)
2019-09-30,U.K.,EWU US Equity,28.8863,0.9748,94,ok,pct(sum=99.3)
2019-12-31,U.K.,EWU US Equity,28.3999,1.0377,91,ok,pct(sum=99.4)
2020-03-31,U.K.,EWU US Equity,29.4738,1.019,95,ok,pct(sum=98.5)
2020-06-30,U.K.,EWU US Equity,28.4331,1.1307,86,ok,pct(sum=99.5)
2020-09-30,U.K.,EWU US Equity,27.265,1.2411,85,ok,pct(sum=99.6)
2020-12-31,U.K.,EWU US Equity,26.0213,0.9601,89,ok,pct(sum=99.9)
2021-03-31,U.K.,EWU US Equity,24.8521,0.9249,90,ok,pct(sum=99.3)
2021-06-30,U.K.,EWU US Equity,27.2893,1.0467,85,ok,pct(sum=99.6)
2021-09-30,U.K.,EWU US Equity,27.6695,1.0644,87,ok,pct(sum=99.5)
2021-12-31,U.K.,EWU US Equity,26.8558,1.126,86,ok,pct(sum=99.6)
2022-03-31,U.K.,EWU US Equity,32.2483,0.8896,81,ok,pct(sum=99.1)
2022-06-30,U.K.,EWU US Equity,36.4848,0.8248,80,ok,pct(sum=99.4)
2022-09-30,U.K.,EWU US Equity,37.1888,0.9164,82,ok,pct(sum=99.2)
2022-12-31,U.K.,EWU US Equity,36.9025,0.8789,81,ok,pct(sum=99.3)
2023-03-31,U.K.,EWU US Equity,34.7632,0.8807,82,ok,pct(sum=98.8)
2023-06-30,U.K.,EWU US Equity,37.1922,1.0531,81,ok,pct(sum=99.5)
2023-09-30,U.K.,EWU US Equity,35.6531,1.0643,81,ok,pct(sum=99.6)
2023-12-31,U.K.,EWU US Equity,34.7281,1.1638,80,ok,pct(sum=99.5)
2024-03-31,U.K.,EWU US Equity,32.6427,1.2504,81,ok,pct(sum=98.9)
2024-06-30,U.K.,EWU US Equity,35.1024,1.2093,78,ok,pct(sum=99.3)
2024-09-30,U.K.,EWU US Equity,33.5334,1.1638,75,ok,pct(sum=99.4)
2024-12-31,U.K.,EWU US Equity,33.4195,0.6675,78,ok,pct(sum=99.4)
2025-03-31,U.K.,EWU US Equity,34.2469,1.0902,74,ok,pct(sum=98.6)
2025-06-30,U.K.,EWU US Equity,32.2055,1.3676,71,ok,pct(sum=100.0)
2025-09-30,U.K.,EWU US Equity,34.9463,1.1504,72,ok,pct(sum=100.0)
2025-12-31,U.K.,EWU US Equity,34.3214,1.0524,73,ok,pct(sum=100.0)
2026-03-31,U.K.,EWU US Equity,37.3218,1.0169,71,ok,pct(sum=100.0)
2026-06-30,U.K.,EWU US Equity,36.4115,0.9591,67,ok,pct(sum=100.0)
2016-06-30,U.S.,SPY US Equity,10.5897,12.4683,504,ok,pct(sum=99.5)
2016-09-30,U.S.,SPY US Equity,11.011,13.5579,505,ok,pct(sum=99.5)
2016-12-31,U.S.,SPY US Equity,10.8392,13.5255,504,ok,pct(sum=99.5)
2017-03-31,U.S.,SPY US Equity,11.2621,14.4978,504,ok,pct(sum=99.6)
2017-06-30,U.S.,SPY US Equity,11.4098,14.4355,504,ok,pct(sum=99.5)
2017-09-30,U.S.,SPY US Equity,11.5745,14.971,505,ok,pct(sum=99.5)
2017-12-31,U.S.,SPY US Equity,12.218,15.5423,503,ok,pct(sum=99.6)
2018-03-31,U.S.,SPY US Equity,12.7994,16.3282,505,ok,pct(sum=99.6)
2018-06-30,U.S.,SPY US Equity,13.7157,16.5562,504,ok,pct(sum=99.4)
2018-09-30,U.S.,SPY US Equity,14.3656,17.1958,504,ok,pct(sum=99.5)
2018-12-31,U.S.,SPY US Equity,13.514,16.1546,504,ok,pct(sum=99.4)
2019-03-31,U.S.,SPY US Equity,14.019,17.2976,494,ok,pct(sum=99.5)
2019-06-30,U.S.,SPY US Equity,14.5276,17.1437,506,ok,pct(sum=99.6)
2019-09-30,U.S.,SPY US Equity,14.4609,17.5513,503,ok,pct(sum=99.6)
2019-12-31,U.S.,SPY US Equity,15.4723,18.8454,503,ok,pct(sum=99.6)
2020-03-31,U.S.,SPY US Equity,17.8233,20.7929,504,ok,pct(sum=99.5)
2020-06-30,U.S.,SPY US Equity,20.0522,22.6763,503,ok,pct(sum=99.6)
2020-09-30,U.S.,SPY US Equity,20.9674,23.4097,504,ok,pct(sum=99.6)
2020-12-31,U.S.,SPY US Equity,20.0925,22.937,504,ok,pct(sum=99.7)
2021-03-31,U.S.,SPY US Equity,18.8619,22.3086,505,ok,pct(sum=99.7)
2021-06-30,U.S.,SPY US Equity,19.8521,23.2002,505,ok,pct(sum=99.7)
2021-09-30,U.S.,SPY US Equity,20.1556,23.6387,505,ok,pct(sum=99.7)
2021-12-31,U.S.,SPY US Equity,20.9522,25.735,505,ok,pct(sum=99.7)
2022-03-31,U.S.,SPY US Equity,21.2394,24.7493,506,ok,pct(sum=99.7)
2022-06-30,U.S.,SPY US Equity,19.3982,23.4745,505,ok,pct(sum=99.6)
2022-09-30,U.S.,SPY US Equity,20.1938,22.9694,505,ok,pct(sum=99.6)
2022-12-31,U.S.,SPY US Equity,17.232,22.28,504,ok,pct(sum=99.6)
2023-03-31,U.S.,SPY US Equity,19.7864,25.7954,505,ok,pct(sum=99.7)
2023-06-30,U.S.,SPY US Equity,22.3225,28.0723,503,ok,pct(sum=99.7)
2023-09-30,U.S.,SPY US Equity,21.8088,27.263,504,ok,pct(sum=99.7)
2023-12-31,U.S.,SPY US Equity,22.5119,28.6653,503,ok,pct(sum=99.7)
2024-03-31,U.S.,SPY US Equity,23.9042,29.3893,504,ok,pct(sum=99.7)
2024-06-30,U.S.,SPY US Equity,26.6914,32.2561,503,ok,pct(sum=99.7)
2024-09-30,U.S.,SPY US Equity,26.0444,31.5279,504,ok,pct(sum=99.7)
2024-12-31,U.S.,SPY US Equity,27.1079,32.3069,503,ok,pct(sum=99.7)
2025-03-31,U.S.,SPY US Equity,24.8146,29.448,504,ok,pct(sum=99.7)
2025-06-30,U.S.,SPY US Equity,27.1434,32.931,504,ok,pct(sum=99.7)
2025-09-30,U.S.,SPY US Equity,27.8087,34.6933,503,ok,pct(sum=99.7)
2025-12-31,U.S.,SPY US Equity,27.6657,34.3356,503,ok,pct(sum=99.7)
2026-03-31,U.S.,SPY US Equity,25.7228,32.8113,503,ok,pct(sum=99.7)
2026-06-30,U.S.,SPY US Equity,25.2208,37.9339,504,ok,pct(sum=99.8)
2016-06-30,US SmallCap,IWM US Equity,1.2812,7.6288,2012,ok,pct(sum=99.9)
2016-09-30,US SmallCap,IWM US Equity,1.2613,8.3725,1983,ok,pct(sum=99.9)
2016-12-31,US SmallCap,IWM US Equity,1.5369,8.3507,1979,ok,pct(sum=99.5)
2017-03-31,US SmallCap,IWM US Equity,1.8367,9.0507,1959,ok,pct(sum=99.9)
2017-06-30,US SmallCap,IWM US Equity,1.1855,8.7728,2012,ok,pct(sum=99.7)
2017-09-30,US SmallCap,IWM US Equity,1.5069,8.8218,2001,ok,pct(sum=99.9)
2017-12-31,US SmallCap,IWM US Equity,1.7149,8.7415,1981,ok,pct(sum=99.9)
2018-03-31,US SmallCap,IWM US Equity,2.2012,8.9821,1984,ok,pct(sum=100.1)
2018-06-30,US SmallCap,IWM US Equity,1.2237,7.2875,2039,ok,pct(sum=99.9)
2018-09-30,US SmallCap,IWM US Equity,1.4724,7.3462,2054,ok,pct(sum=100.2)
2018-12-31,US SmallCap,IWM US Equity,1.5238,7.9617,2046,ok,pct(sum=99.9)
2019-03-31,US SmallCap,IWM US Equity,1.6543,8.6848,2018,ok,pct(sum=100.2)
2019-06-30,US SmallCap,IWM US Equity,1.5971,7.4523,2015,ok,pct(sum=100.2)
2019-09-30,US SmallCap,IWM US Equity,1.4645,7.7923,2008,ok,pct(sum=99.8)
2019-12-31,US SmallCap,IWM US Equity,1.5158,8.0255,2015,ok,pct(sum=99.9)
2020-03-31,US SmallCap,IWM US Equity,2.3366,9.0899,1978,ok,pct(sum=100.2)
2020-06-30,US SmallCap,IWM US Equity,1.6966,9.0832,2001,ok,pct(sum=100.0)
2020-09-30,US SmallCap,IWM US Equity,2.135,8.9871,2025,ok,pct(sum=100.1)
2020-12-31,US SmallCap,IWM US Equity,2.3933,9.8127,2040,ok,pct(sum=100.0)
2021-03-31,US SmallCap,IWM US Equity,2.4554,9.107,2064,ok,pct(sum=99.9)
2021-06-30,US SmallCap,IWM US Equity,1.8984,10.2083,1994,ok,pct(sum=100.0)
2021-09-30,US SmallCap,IWM US Equity,1.8762,10.8302,2030,ok,pct(sum=100.0)
2021-12-31,US SmallCap,IWM US Equity,1.8184,11.4648,2036,ok,pct(sum=100.0)
2022-03-31,US SmallCap,IWM US Equity,2.0479,10.567,2018,ok,pct(sum=99.9)
2022-06-30,US SmallCap,IWM US Equity,1.4832,9.9007,1989,ok,pct(sum=100.0)
2022-09-30,US SmallCap,IWM US Equity,2.138,9.9519,1972,ok,pct(sum=100.4)
2022-12-31,US SmallCap,IWM US Equity,1.5516,9.8898,1951,ok,pct(sum=99.8)
2023-03-31,US SmallCap,IWM US Equity,1.6365,11.1798,1928,ok,pct(sum=99.8)
2023-06-30,US SmallCap,IWM US Equity,1.6214,12.4787,2002,ok,pct(sum=99.9)
2023-09-30,US SmallCap,IWM US Equity,11.8727,11.0462,1991,ok,pct(sum=100.0)
2023-12-31,US SmallCap,IWM US Equity,1.7778,12.6163,1970,ok,pct(sum=100.0)
2024-03-31,US SmallCap,IWM US Equity,4.0222,13.9986,1955,ok,pct(sum=100.0)
2024-06-30,US SmallCap,IWM US Equity,1.9058,11.9215,2029,ok,pct(sum=100.0)
2024-09-30,US SmallCap,IWM US Equity,2.1856,11.6133,1975,ok,pct(sum=100.0)
2024-12-31,US SmallCap,IWM US Equity,2.2143,12.9441,1966,ok,pct(sum=100.1)
2025-03-31,US SmallCap,IWM US Equity,2.4161,11.7503,1953,ok,pct(sum=100.0)
2025-06-30,US SmallCap,IWM US Equity,2.0806,14.2148,2113,ok,pct(sum=100.1)
2025-09-30,US SmallCap,IWM US Equity,3.006,15.1536,1972,ok,pct(sum=100.0)
2025-12-31,US SmallCap,IWM US Equity,3.0103,14.4817,1955,ok,pct(sum=100.0)
2026-03-31,US SmallCap,IWM US Equity,3.445,13.9152,1934,ok,pct(sum=100.0)
2026-06-30,US SmallCap,IWM US Equity,1.8363,13.9175,2013,ok,pct(sum=101.6)
2016-06-30,Vietnam,VNM US Equity,34.7972,0.0,31,ok,pct(sum=100.0)
2016-09-30,Vietnam,VNM US Equity,36.6787,3.8212,33,ok,pct(sum=100.0)
2016-12-31,Vietnam,VNM US Equity,34.7787,2.5751,33,ok,pct(sum=100.0)
2017-03-31,Vietnam,VNM US Equity,34.9874,2.5387,35,ok,pct(sum=100.0)
2017-06-30,Vietnam,VNM US Equity,34.4175,2.0055,37,ok,pct(sum=100.0)
2017-09-30,Vietnam,VNM US Equity,35.8889,1.7005,36,ok,pct(sum=100.0)
2017-12-31,Vietnam,VNM US Equity,36.8057,6.3385,36,ok,pct(sum=100.0)
2018-03-31,Vietnam,VNM US Equity,37.489,4.4947,37,ok,pct(sum=100.0)
2018-06-30,Vietnam,VNM US Equity,38.1077,8.2836,37,ok,pct(sum=100.0)
2018-09-30,Vietnam,VNM US Equity,34.7496,7.6208,29,ok,pct(sum=100.0)
2018-12-31,Vietnam,VNM US Equity,34.1941,9.4216,27,ok,pct(sum=100.0)
2019-03-31,Vietnam,VNM US Equity,35.4146,9.3846,26,ok,pct(sum=100.0)
2019-06-30,Vietnam,VNM US Equity,35.278,12.9665,28,ok,pct(sum=100.0)
2019-09-30,Vietnam,VNM US Equity,34.7837,13.0369,29,ok,pct(sum=100.0)
2019-12-31,Vietnam,VNM US Equity,34.7592,17.4412,25,ok,pct(sum=99.7)
2020-03-31,Vietnam,VNM US Equity,35.8508,17.6083,26,ok,pct(sum=99.8)
2020-06-30,Vietnam,VNM US Equity,36.0914,21.4245,26,ok,pct(sum=99.5)
2020-09-30,Vietnam,VNM US Equity,36.1737,23.1867,26,ok,pct(sum=99.6)
2020-12-31,Vietnam,VNM US Equity,34.2043,20.4175,27,ok,pct(sum=99.7)
2021-03-31,Vietnam,VNM US Equity,35.192,18.6968,30,ok,pct(sum=99.8)
2021-06-30,Vietnam,VNM US Equity,35.1977,10.7505,38,ok,pct(sum=98.9)
2021-09-30,Vietnam,VNM US Equity,36.3088,6.6,49,ok,pct(sum=98.8)
2021-12-31,Vietnam,VNM US Equity,34.4077,7.012,51,ok,pct(sum=99.8)
2022-03-31,Vietnam,VNM US Equity,32.9586,4.609,59,ok,pct(sum=99.6)
2022-06-30,Vietnam,VNM US Equity,35.7372,4.7782,61,ok,pct(sum=99.6)
2022-09-30,Vietnam,VNM US Equity,35.6785,5.8821,59,ok,pct(sum=99.6)
2022-12-31,Vietnam,VNM US Equity,31.314,9.828,55,ok,pct(sum=98.7)
2023-03-31,Vietnam,VNM US Equity,35.0568,0.0,42,ok,pct(sum=98.9)
2023-06-30,Vietnam,VNM US Equity,36.1867,0.0,43,ok,pct(sum=100.0)
2023-09-30,Vietnam,VNM US Equity,34.5183,0.0,43,ok,pct(sum=100.0)
2023-12-31,Vietnam,VNM US Equity,36.1189,0.0,45,ok,pct(sum=100.0)
2024-03-31,Vietnam,VNM US Equity,34.4288,0.0,45,ok,pct(sum=100.0)
2024-06-30,Vietnam,VNM US Equity,36.2541,0.0,48,ok,pct(sum=99.5)
2024-09-30,Vietnam,VNM US Equity,34.097,0.0,46,ok,pct(sum=98.7)
2024-12-31,Vietnam,VNM US Equity,35.5049,0.0,46,ok,pct(sum=100.0)
2025-03-31,Vietnam,VNM US Equity,36.9169,0.0,47,ok,pct(sum=99.7)
2025-06-30,Vietnam,VNM US Equity,35.7464,0.0,48,ok,pct(sum=100.0)
2025-09-30,Vietnam,VNM US Equity,37.1877,2.1639,52,ok,pct(sum=100.0)
2025-12-31,Vietnam,VNM US Equity,36.4247,1.8906,55,ok,pct(sum=100.0)
2026-03-31,Vietnam,VNM US Equity,34.9328,1.8747,57,ok,pct(sum=100.0)
2026-06-30,Vietnam,VNM US Equity,32.5997,2.4183,57,ok,pct(sum=100.0)
